StartDate,EndDate,Status,IPAddress,Progress,Duration (in seconds),Finished,RecordedDate,ResponseId,RecipientLastName,RecipientFirstName,RecipientEmail,ExternalReference,LocationLatitude,LocationLongitude,DistributionChannel,UserLanguage,Q8,Q10,Q11,Q21_First Click,Q21_Last Click,Q21_Page Submit,Q21_Click Count,Q1_1,Q1_2,Q1_3,Q1_4,Q1_5,Q1_6,Q1_7,Q1_8,Q1_9,Q1_10,Q1_11,Q1_12,Q1_13,Q1_14,Q1_15,Q1_16,Q1_17,Q1_18,Q1_19,Q1_20,Q1_21,Q1_22,Q1_23,Q1_24,Q1_25,Q1_26,Q1_27,Q1_28,Q1_29,Q1_30,Q12_First Click,Q12_Last Click,Q12_Page Submit,Q12_Click Count,Q15_1,Q16_1,Q17_1,Q18_1,Q19_1,Q20_First Click,Q20_Last Click,Q20_Page Submit,Q20_Click Count,Q14#1_1,Q14#1_2,Q14#1_3,Q14#1_4,Q14#1_5,Q14#1_6,Q14#1_7,Q14#1_8,Q14#1_9,Q14#1_10,Q14#1_11,Q14#1_12,Q14#1_13,Q14#1_14,Q14#1_15,Q14#1_16,Q14#1_17,Q14#1_18,Q14#1_19,Q14#1_20,Q14#1_21,Q14#1_22,Q14#1_23,Q14#1_24,Q14#1_25,Q14#1_26,Q14#1_27,Q14#1_28,Q14#1_29,Q14#1_30,Q15_First Click,Q15_Last Click,Q15_Page Submit,Q15_Click Count,Q7_1,Q13_First Click,Q13_Last Click,Q13_Page Submit,Q13_Click Count,Q28_1,Q28_2,Q28_3,Q28_4,Q28_5,Q28_6,Q28_8,Q29_First Click,Q29_Last Click,Q29_Page Submit,Q29_Click Count,Q30_1,Q30_2,Q30_3,Q30_4,Q30_5,Q31_First Click,Q31_Last Click,Q31_Page Submit,Q31_Click Count,Q32_1,Q32_2,Q32_3,Q32_4,Q33_First Click,Q33_Last Click,Q33_Page Submit,Q33_Click Count,Q34_1,Q34_2,Q34_3,Q34_4,Q34_5,Q35_First Click,Q35_Last Click,Q35_Page Submit,Q35_Click Count,opp,rid,RISN,Q_TotalDuration,gc,term
"Anfangsdatum,Enddatum,Antworttyp,IP-Adresse,Aktueller Stand,Dauer (in Sekunden),Beendet,Erfassungsdatum,Antwort-ID,Nachname des EmpfÃ_ngers,Vorname des EmpfÃ_ngers,E-Mail des EmpfÃ_ngers,Externe Datenreferenz,Breitengrad des Standorts,LÃ_ngengrad des Standorts,Verteilungskanal,Benutzersprache,Wie alt sind Sie?,Welches Geschlecht haben Sie?,Welchen hÃ¶chsten allgemeinbildenen Schulabschluss haben Sie?,Timing - Erster Klick,Timing - Letzter Klick,Timing - Seite absenden,Timing - Auf Anzahl klicken,""Unten sehen Sie eine Liste von Medien im Internet. Auf einer Skala von 0 bis 10, wie viel Vertrauen haben Sie, dass das jeweilige Medium wahre Informationen verÃ¶ffentlicht? 0 bedeutet gar kein Vertrauen, 10 bedeutet vollstÃ_ndiges Vertrauen. - SPIEGEL ONLINE"",""Unten sehen Sie eine Liste von Medien im Internet. Auf einer Skala von 0 bis 10, wie viel Vertrauen haben Sie, dass das jeweilige Medium wahre Informationen verÃ¶ffentlicht? 0 bedeutet gar kein Vertrauen, 10 bedeutet vollstÃ_ndiges Vertrauen. - tagesschau"",""Unten sehen Sie eine Liste von Medien im Internet. Auf einer Skala von 0 bis 10, wie viel Vertrauen haben Sie, dass das jeweilige Medium wahre Informationen verÃ¶ffentlicht? 0 bedeutet gar kein Vertrauen, 10 bedeutet vollstÃ_ndiges Vertrauen. - ZDF heute"",""Unten sehen Sie eine Liste von Medien im Internet. Auf einer Skala von 0 bis 10, wie viel Vertrauen haben Sie, dass das jeweilige Medium wahre Informationen verÃ¶ffentlicht? 0 bedeutet gar kein Vertrauen, 10 bedeutet vollstÃ_ndiges Vertrauen. - WELT"",""Unten sehen Sie eine Liste von Medien im Internet. Auf einer Skala von 0 bis 10, wie viel Vertrauen haben Sie, dass das jeweilige Medium wahre Informationen verÃ¶ffentlicht? 0 bedeutet gar kein Vertrauen, 10 bedeutet vollstÃ_ndiges Vertrauen. - SÃ_ddeutsche Zeitung"",""Unten sehen Sie eine Liste von Medien im Internet. Auf einer Skala von 0 bis 10, wie viel Vertrauen haben Sie, dass das jeweilige Medium wahre Informationen verÃ¶ffentlicht? 0 bedeutet gar kein Vertrauen, 10 bedeutet vollstÃ_ndiges Vertrauen. - ZEIT ONLINE"",""Unten sehen Sie eine Liste von Medien im Internet. Auf einer Skala von 0 bis 10, wie viel Vertrauen haben Sie, dass das jeweilige Medium wahre Informationen verÃ¶ffentlicht? 0 bedeutet gar kein Vertrauen, 10 bedeutet vollstÃ_ndiges Vertrauen. - FAZ.NET"",""Unten sehen Sie eine Liste von Medien im Internet. Auf einer Skala von 0 bis 10, wie viel Vertrauen haben Sie, dass das jeweilige Medium wahre Informationen verÃ¶ffentlicht? 0 bedeutet gar kein Vertrauen, 10 bedeutet vollstÃ_ndiges Vertrauen. - Bild"",""Unten sehen Sie eine Liste von Medien im Internet. Auf einer Skala von 0 bis 10, wie viel Vertrauen haben Sie, dass das jeweilige Medium wahre Informationen verÃ¶ffentlicht? 0 bedeutet gar kein Vertrauen, 10 bedeutet vollstÃ_ndiges Vertrauen. - FOCUS Online"",""Unten sehen Sie eine Liste von Medien im Internet. Auf einer Skala von 0 bis 10, wie viel Vertrauen haben Sie, dass das jeweilige Medium wahre Informationen verÃ¶ffentlicht? 0 bedeutet gar kein Vertrauen, 10 bedeutet vollstÃ_ndiges Vertrauen. - EXPRESS"",""Unten sehen Sie eine Liste von Medien im Internet. Auf einer Skala von 0 bis 10, wie viel Vertrauen haben Sie, dass das jeweilige Medium wahre Informationen verÃ¶ffentlicht? 0 bedeutet gar kein Vertrauen, 10 bedeutet vollstÃ_ndiges Vertrauen. - HuffPost"",""Unten sehen Sie eine Liste von Medien im Internet. Auf einer Skala von 0 bis 10, wie viel Vertrauen haben Sie, dass das jeweilige Medium wahre Informationen verÃ¶ffentlicht? 0 bedeutet gar kein Vertrauen, 10 bedeutet vollstÃ_ndiges Vertrauen. - t-online.de"",""Unten sehen Sie eine Liste von Medien im Internet. Auf einer Skala von 0 bis 10, wie viel Vertrauen haben Sie, dass das jeweilige Medium wahre Informationen verÃ¶ffentlicht? 0 bedeutet gar kein Vertrauen, 10 bedeutet vollstÃ_ndiges Vertrauen. - WEB.DE News"",""Unten sehen Sie eine Liste von Medien im Internet. Auf einer Skala von 0 bis 10, wie viel Vertrauen haben Sie, dass das jeweilige Medium wahre Informationen verÃ¶ffentlicht? 0 bedeutet gar kein Vertrauen, 10 bedeutet vollstÃ_ndiges Vertrauen. - Deutsche Presse-Agentur"",""Unten sehen Sie eine Liste von Medien im Internet. Auf einer Skala von 0 bis 10, wie viel Vertrauen haben Sie, dass das jeweilige Medium wahre Informationen verÃ¶ffentlicht? 0 bedeutet gar kein Vertrauen, 10 bedeutet vollstÃ_ndiges Vertrauen. - Reuters News Deutschland"",""Unten sehen Sie eine Liste von Medien im Internet. Auf einer Skala von 0 bis 10, wie viel Vertrauen haben Sie, dass das jeweilige Medium wahre Informationen verÃ¶ffentlicht? 0 bedeutet gar kein Vertrauen, 10 bedeutet vollstÃ_ndiges Vertrauen. - JUNGE FREIHEIT"",""Unten sehen Sie eine Liste von Medien im Internet. Auf einer Skala von 0 bis 10, wie viel Vertrauen haben Sie, dass das jeweilige Medium wahre Informationen verÃ¶ffentlicht? 0 bedeutet gar kein Vertrauen, 10 bedeutet vollstÃ_ndiges Vertrauen. - Die Achse des Guten"",""Unten sehen Sie eine Liste von Medien im Internet. Auf einer Skala von 0 bis 10, wie viel Vertrauen haben Sie, dass das jeweilige Medium wahre Informationen verÃ¶ffentlicht? 0 bedeutet gar kein Vertrauen, 10 bedeutet vollstÃ_ndiges Vertrauen. - Tichys Einblick"",""Unten sehen Sie eine Liste von Medien im Internet. Auf einer Skala von 0 bis 10, wie viel Vertrauen haben Sie, dass das jeweilige Medium wahre Informationen verÃ¶ffentlicht? 0 bedeutet gar kein Vertrauen, 10 bedeutet vollstÃ_ndiges Vertrauen. - pi-news.net"",""Unten sehen Sie eine Liste von Medien im Internet. Auf einer Skala von 0 bis 10, wie viel Vertrauen haben Sie, dass das jeweilige Medium wahre Informationen verÃ¶ffentlicht? 0 bedeutet gar kein Vertrauen, 10 bedeutet vollstÃ_ndiges Vertrauen. - taz.de"",""Unten sehen Sie eine Liste von Medien im Internet. Auf einer Skala von 0 bis 10, wie viel Vertrauen haben Sie, dass das jeweilige Medium wahre Informationen verÃ¶ffentlicht? 0 bedeutet gar kein Vertrauen, 10 bedeutet vollstÃ_ndiges Vertrauen. - neues deutschland"",""Unten sehen Sie eine Liste von Medien im Internet. Auf einer Skala von 0 bis 10, wie viel Vertrauen haben Sie, dass das jeweilige Medium wahre Informationen verÃ¶ffentlicht? 0 bedeutet gar kein Vertrauen, 10 bedeutet vollstÃ_ndiges Vertrauen. - Jungle World"",""Unten sehen Sie eine Liste von Medien im Internet. Auf einer Skala von 0 bis 10, wie viel Vertrauen haben Sie, dass das jeweilige Medium wahre Informationen verÃ¶ffentlicht? 0 bedeutet gar kein Vertrauen, 10 bedeutet vollstÃ_ndiges Vertrauen. - junge Welt"",""Unten sehen Sie eine Liste von Medien im Internet. Auf einer Skala von 0 bis 10, wie viel Vertrauen haben Sie, dass das jeweilige Medium wahre Informationen verÃ¶ffentlicht? 0 bedeutet gar kein Vertrauen, 10 bedeutet vollstÃ_ndiges Vertrauen. - 24aktuelles.com"",""Unten sehen Sie eine Liste von Medien im Internet. Auf einer Skala von 0 bis 10, wie viel Vertrauen haben Sie, dass das jeweilige Medium wahre Informationen verÃ¶ffentlicht? 0 bedeutet gar kein Vertrauen, 10 bedeutet vollstÃ_ndiges Vertrauen. - KÃ¶lner Abendblatt"",""Unten sehen Sie eine Liste von Medien im Internet. Auf einer Skala von 0 bis 10, wie viel Vertrauen haben Sie, dass das jeweilige Medium wahre Informationen verÃ¶ffentlicht? 0 bedeutet gar kein Vertrauen, 10 bedeutet vollstÃ_ndiges Vertrauen. - anonymousnews.ru"",""Unten sehen Sie eine Liste von Medien im Internet. Auf einer Skala von 0 bis 10, wie viel Vertrauen haben Sie, dass das jeweilige Medium wahre Informationen verÃ¶ffentlicht? 0 bedeutet gar kein Vertrauen, 10 bedeutet vollstÃ_ndiges Vertrauen. - newsblitz.net"",""Unten sehen Sie eine Liste von Medien im Internet. Auf einer Skala von 0 bis 10, wie viel Vertrauen haben Sie, dass das jeweilige Medium wahre Informationen verÃ¶ffentlicht? 0 bedeutet gar kein Vertrauen, 10 bedeutet vollstÃ_ndiges Vertrauen. - internetz-zeitung.eu"",""Unten sehen Sie eine Liste von Medien im Internet. Auf einer Skala von 0 bis 10, wie viel Vertrauen haben Sie, dass das jeweilige Medium wahre Informationen verÃ¶ffentlicht? 0 bedeutet gar kein Vertrauen, 10 bedeutet vollstÃ_ndiges Vertrauen. - The Chintzy Herald"",""Unten sehen Sie eine Liste von Medien im Internet. Auf einer Skala von 0 bis 10, wie viel Vertrauen haben Sie, dass das jeweilige Medium wahre Informationen verÃ¶ffentlicht? 0 bedeutet gar kein Vertrauen, 10 bedeutet vollstÃ_ndiges Vertrauen. - ntv Nachrichten"",Timing - Erster Klick,Timing - Letzter Klick,Timing - Seite absenden,Timing - Auf Anzahl klicken,""Denken Sie an Medien im Internet ingesamt. Auf einer Skala von 0 bis 10, finden Sie diese fair? 0 bedeutet gar nicht fair, 10 bedeutet vollstÃ_ndig fair."",""Finden Sie, dass Medien im Internet die ganze Wahrheit berichten? - 1"",""Finden Sie, dass Medien im Internet fehlerfrei berichten?"",""Finden Sie, dass man den Medien im Internet Vertrauen haben kann?"",""Finden Sie, dass man den Medien im Internet unvoreingenommen berichten?"",Timing - Erster Klick,Timing - Letzter Klick,Timing - Seite absenden,Timing - Auf Anzahl klicken,Unten sehen Sie eine Liste von Medien im Internet. Haben Sie von diesen Medien schon einmal gehÃ¶rt? - Q14#1 - SPIEGEL ONLINE,Unten sehen Sie eine Liste von Medien im Internet. Haben Sie von diesen Medien schon einmal gehÃ¶rt? - Q14#1 - tagesschau,Unten sehen Sie eine Liste von Medien im Internet. Haben Sie von diesen Medien schon einmal gehÃ¶rt? - Q14#1 - ZDF heute,Unten sehen Sie eine Liste von Medien im Internet. Haben Sie von diesen Medien schon einmal gehÃ¶rt? - Q14#1 - WELT,Unten sehen Sie eine Liste von Medien im Internet. Haben Sie von diesen Medien schon einmal gehÃ¶rt? - Q14#1 - SÃ_ddeutsche Zeitung,Unten sehen Sie eine Liste von Medien im Internet. Haben Sie von diesen Medien schon einmal gehÃ¶rt? - Q14#1 - ZEIT ONLINE,Unten sehen Sie eine Liste von Medien im Internet. Haben Sie von diesen Medien schon einmal gehÃ¶rt? - Q14#1 - FAZ.NET,Unten sehen Sie eine Liste von Medien im Internet. Haben Sie von diesen Medien schon einmal gehÃ¶rt? - Q14#1 - Bild,Unten sehen Sie eine Liste von Medien im Internet. Haben Sie von diesen Medien schon einmal gehÃ¶rt? - Q14#1 - FOCUS Online,Unten sehen Sie eine Liste von Medien im Internet. Haben Sie von diesen Medien schon einmal gehÃ¶rt? - Q14#1 - EXPRESS,Unten sehen Sie eine Liste von Medien im Internet. Haben Sie von diesen Medien schon einmal gehÃ¶rt? - Q14#1 - HuffPost,Unten sehen Sie eine Liste von Medien im Internet. Haben Sie von diesen Medien schon einmal gehÃ¶rt? - Q14#1 - t-online.de,Unten sehen Sie eine Liste von Medien im Internet. Haben Sie von diesen Medien schon einmal gehÃ¶rt? - Q14#1 - WEB.DE News,Unten sehen Sie eine Liste von Medien im Internet. Haben Sie von diesen Medien schon einmal gehÃ¶rt? - Q14#1 - Deutsche Presse-Agentur,Unten sehen Sie eine Liste von Medien im Internet. Haben Sie von diesen Medien schon einmal gehÃ¶rt? - Q14#1 - Reuters News Deutschland,Unten sehen Sie eine Liste von Medien im Internet. Haben Sie von diesen Medien schon einmal gehÃ¶rt? - Q14#1 - JUNGE FREIHEIT,Unten sehen Sie eine Liste von Medien im Internet. Haben Sie von diesen Medien schon einmal gehÃ¶rt? - Q14#1 - Die Achse des Guten,Unten sehen Sie eine Liste von Medien im Internet. Haben Sie von diesen Medien schon einmal gehÃ¶rt? - Q14#1 - Tichys Einblick,Unten sehen Sie eine Liste von Medien im Internet. Haben Sie von diesen Medien schon einmal gehÃ¶rt? - Q14#1 - pi-news.net,Unten sehen Sie eine Liste von Medien im Internet. Haben Sie von diesen Medien schon einmal gehÃ¶rt? - Q14#1 - taz.de,Unten sehen Sie eine Liste von Medien im Internet. Haben Sie von diesen Medien schon einmal gehÃ¶rt? - Q14#1 - neues deutschland,Unten sehen Sie eine Liste von Medien im Internet. Haben Sie von diesen Medien schon einmal gehÃ¶rt? - Q14#1 - Jungle World,Unten sehen Sie eine Liste von Medien im Internet. Haben Sie von diesen Medien schon einmal gehÃ¶rt? - Q14#1 - junge Welt,Unten sehen Sie eine Liste von Medien im Internet. Haben Sie von diesen Medien schon einmal gehÃ¶rt? - Q14#1 - 24aktuelles.com,Unten sehen Sie eine Liste von Medien im Internet. Haben Sie von diesen Medien schon einmal gehÃ¶rt? - Q14#1 - KÃ¶lner Abendblatt,Unten sehen Sie eine Liste von Medien im Internet. Haben Sie von diesen Medien schon einmal gehÃ¶rt? - Q14#1 - anonymousnews.ru,Unten sehen Sie eine Liste von Medien im Internet. Haben Sie von diesen Medien schon einmal gehÃ¶rt? - Q14#1 - newsblitz.net,Unten sehen Sie eine Liste von Medien im Internet. Haben Sie von diesen Medien schon einmal gehÃ¶rt? - Q14#1 - internetz-zeitung.eu,Unten sehen Sie eine Liste von Medien im Internet. Haben Sie von diesen Medien schon einmal gehÃ¶rt? - Q14#1 - The Chintzy Herald,Unten sehen Sie eine Liste von Medien im Internet. Haben Sie von diesen Medien schon einmal gehÃ¶rt? - Q14#1 - ntv Nachrichten,Timing - Erster Klick,Timing - Letzter Klick,Timing - Seite absenden,Timing - Auf Anzahl klicken,""Viele  Leute  verwenden  die  Begriffe  â€_linksâ€œ  und  â€_rechtsâ€œ,  wenn  es  darum  geht,  unterschiedliche politische Einstellungen zu kennzeichnen. Wenn Sie an Ihre eigenen politischen Ansichten denken, wo wÃ_rden Sie diese Ansichten auf einer Skala zwischen 0 und 10 einstufen? "
"0 bedeutet links, 10 bedeutet rechts. - 1"",Timing - Erster Klick,Timing - Letzter Klick,Timing - Seite absenden,Timing - Auf Anzahl klicken,""In Deutschland wird in den letzen Jahren viel Ã_ber die FlÃ_chtlingspolitik diskutiert. Wie sehr stimmen Sie folgenden Aussagen zu? 0 bedeutet gar nicht, 10 bedeutet voll und ganz. - Ich finde es gut, dass Deutschland viele FlÃ_chtlinge aufgenommen hat."",""In Deutschland wird in den letzen Jahren viel Ã_ber die FlÃ_chtlingspolitik diskutiert. Wie sehr stimmen Sie folgenden Aussagen zu? 0 bedeutet gar nicht, 10 bedeutet voll und ganz. - FÃ_r die Zahl der aufgenommenen FlÃ_chtlinge sollte eine Obergrenze eingefÃ_hrt werden."",""In Deutschland wird in den letzen Jahren viel Ã_ber die FlÃ_chtlingspolitik diskutiert. Wie sehr stimmen Sie folgenden Aussagen zu? 0 bedeutet gar nicht, 10 bedeutet voll und ganz. - Der deutsche Staat kÃ_mmert sich mehr um FlÃ_chtlinge als um hilfsbedÃ_rftige Deutsche."",""In Deutschland wird in den letzen Jahren viel Ã_ber die FlÃ_chtlingspolitik diskutiert. Wie sehr stimmen Sie folgenden Aussagen zu? 0 bedeutet gar nicht, 10 bedeutet voll und ganz. - WirtschaftsflÃ_chtlinge sollten umgehend zurÃ_ckgeschickt werden."",""In Deutschland wird in den letzen Jahren viel Ã_ber die FlÃ_chtlingspolitik diskutiert. Wie sehr stimmen Sie folgenden Aussagen zu? 0 bedeutet gar nicht, 10 bedeutet voll und ganz. - Der Lebensstandard der Deutschen wird durch die Aufnahme der FlÃ_chtlinge sinken."",""In Deutschland wird in den letzen Jahren viel Ã_ber die FlÃ_chtlingspolitik diskutiert. Wie sehr stimmen Sie folgenden Aussagen zu? 0 bedeutet gar nicht, 10 bedeutet voll und ganz. - Ein starker Zustrom von FlÃ_chtlingen bietet langfristig mehr Risiken als Chancen."",""In Deutschland wird in den letzen Jahren viel Ã_ber die FlÃ_chtlingspolitik diskutiert. Wie sehr stimmen Sie folgenden Aussagen zu? 0 bedeutet gar nicht, 10 bedeutet voll und ganz. - Deutschland wird durch FlÃ_chtlinge zu einem schlechteren Ort zum Leben."",Timing - Erster Klick,Timing - Letzter Klick,Timing - Seite absenden,Timing - Auf Anzahl klicken,""In Deutschland wird zur Zeit viel Ã_ber soziale Gerechtigkeit diskutiert. Wie sehr stimmen Sie folgenden Aussagen zu? 0 bedeutet gar nicht, 10 bedeutet voll und ganz. - Die derzeitige VermÃ¶gens- und Einkommensverteilung in Deutschland is ungerecht."",""In Deutschland wird zur Zeit viel Ã_ber soziale Gerechtigkeit diskutiert. Wie sehr stimmen Sie folgenden Aussagen zu? 0 bedeutet gar nicht, 10 bedeutet voll und ganz. - Der Staat sollte den derzeitigen Mindestlohn erhÃ¶hen."",""In Deutschland wird zur Zeit viel Ã_ber soziale Gerechtigkeit diskutiert. Wie sehr stimmen Sie folgenden Aussagen zu? 0 bedeutet gar nicht, 10 bedeutet voll und ganz. - Wenn jemand heutzutage hart arbeitet, kann er seine Situation ohne groÃŸe Schwierigkeiten verbessern."",""In Deutschland wird zur Zeit viel Ã_ber soziale Gerechtigkeit diskutiert. Wie sehr stimmen Sie folgenden Aussagen zu? 0 bedeutet gar nicht, 10 bedeutet voll und ganz. - Der Staat sollte mehr fÃ_r die UnterstÃ_tzung von Arbeitslosen ausgeben, auch wenn dafÃ_r Steuern erhÃ¶ht oder Schulden gemacht werden mÃ_ssen."",""In Deutschland wird zur Zeit viel Ã_ber soziale Gerechtigkeit diskutiert. Wie sehr stimmen Sie folgenden Aussagen zu? 0 bedeutet gar nicht, 10 bedeutet voll und ganz. - Der Staat sollte dafÃ_r sorgen, dass die Unternehmensgewinne in Deutschland stÃ_rker besteuert werden."",Timing - Erster Klick,Timing - Letzter Klick,Timing - Seite absenden,Timing - Auf Anzahl klicken,""In Deutschland wurde in den letzen Jahren viel Ã_ber den Euro und Europa diskutiert. Wie sehr stimmen Sie folgenden Aussagen zu? 0 bedeutet gar nicht, 10 bedeutet voll und ganz. - Deutschland sollte ein Referendum Ã_ber seine EU-Mitgliedschaft abhalten."",""In Deutschland wurde in den letzen Jahren viel Ã_ber den Euro und Europa diskutiert. Wie sehr stimmen Sie folgenden Aussagen zu? 0 bedeutet gar nicht, 10 bedeutet voll und ganz. - Die EU mischt sich zu sehr ins Leben der EuropÃ_er ein."",""In Deutschland wurde in den letzen Jahren viel Ã_ber den Euro und Europa diskutiert. Wie sehr stimmen Sie folgenden Aussagen zu? 0 bedeutet gar nicht, 10 bedeutet voll und ganz. - Deutschland hÃ_tte besser die D-Mark behalten sollen."",""In Deutschland wurde in den letzen Jahren viel Ã_ber den Euro und Europa diskutiert. Wie sehr stimmen Sie folgenden Aussagen zu? 0 bedeutet gar nicht, 10 bedeutet voll und ganz. - LÃ_nder mit Finanzproblemen sollten aus der Eurozone ausgeschlossen werden."",Timing - Erster Klick,Timing - Letzter Klick,Timing - Seite absenden,Timing - Auf Anzahl klicken,""Einige Fragen zur Umweltpolitik. Wie sehr stimmen Sie folgenden Aussagen zu? 0 bedeutet gar nicht, 10 bedeutet voll und ganz. - Umweltschutz sollte fÃ_r Deutschland Vorrang haben, selbst wenn er das Wirtschaftswachstum beeintrÃ_chtigt."",""Einige Fragen zur Umweltpolitik. Wie sehr stimmen Sie folgenden Aussagen zu? 0 bedeutet gar nicht, 10 bedeutet voll und ganz. - Der Ausstieg Deutschlands aus der Kernenergie war richtig."",""Einige Fragen zur Umweltpolitik. Wie sehr stimmen Sie folgenden Aussagen zu? 0 bedeutet gar nicht, 10 bedeutet voll und ganz. - Der Staat sollte Elektrofahrzeuge stÃ_rker fÃ¶rdern."",""Einige Fragen zur Umweltpolitik. Wie sehr stimmen Sie folgenden Aussagen zu? 0 bedeutet gar nicht, 10 bedeutet voll und ganz. - GroÃŸstÃ_dte sollten kÃ_nftig bei starker Luftverschmutzung  Ã_lteren Dieselfahrzeugen die Einfahrt verbieten dÃ_rfen."",""Einige Fragen zur Umweltpolitik. Wie sehr stimmen Sie folgenden Aussagen zu? 0 bedeutet gar nicht, 10 bedeutet voll und ganz. - Auf Deutschlands Autobahnen sollte ein generelles Tempolimit von 130 km/h gelten."",Timing - Erster Klick,Timing - Letzter Klick,Timing - Seite absenden,Timing - Auf Anzahl klicken,opp,rid,RISN,Q_TotalDuration,gc,term"
"{""ImportId"":""startDate"",""timeZone"":""America/Denver""},""{""""ImportId"""":""""endDate"""",""""timeZone"""":""""America/Denver""""}"",""{""""ImportId"""":""""status""""}"",""{""""ImportId"""":""""ipAddress""""}"",""{""""ImportId"""":""""progress""""}"",""{""""ImportId"""":""""duration""""}"",""{""""ImportId"""":""""finished""""}"",""{""""ImportId"""":""""recordedDate"""",""""timeZone"""":""""America/Denver""""}"",""{""""ImportId"""":""""_recordId""""}"",""{""""ImportId"""":""""recipientLastName""""}"",""{""""ImportId"""":""""recipientFirstName""""}"",""{""""ImportId"""":""""recipientEmail""""}"",""{""""ImportId"""":""""externalDataReference""""}"",""{""""ImportId"""":""""locationLatitude""""}"",""{""""ImportId"""":""""locationLongitude""""}"",""{""""ImportId"""":""""distributionChannel""""}"",""{""""ImportId"""":""""userLanguage""""}"",""{""""ImportId"""":""""QID8_TEXT""""}"",""{""""ImportId"""":""""QID10""""}"",""{""""ImportId"""":""""QID11""""}"",""{""""ImportId"""":""""QID27_FIRST_CLICK""""}"",""{""""ImportId"""":""""QID27_LAST_CLICK""""}"",""{""""ImportId"""":""""QID27_PAGE_SUBMIT""""}"",""{""""ImportId"""":""""QID27_CLICK_COUNT""""}"",""{""""ImportId"""":""""QID1_1""""}"",""{""""ImportId"""":""""QID1_2""""}"",""{""""ImportId"""":""""QID1_3""""}"",""{""""ImportId"""":""""QID1_4""""}"",""{""""ImportId"""":""""QID1_5""""}"",""{""""ImportId"""":""""QID1_6""""}"",""{""""ImportId"""":""""QID1_7""""}"",""{""""ImportId"""":""""QID1_8""""}"",""{""""ImportId"""":""""QID1_9""""}"",""{""""ImportId"""":""""QID1_10""""}"",""{""""ImportId"""":""""QID1_11""""}"",""{""""ImportId"""":""""QID1_12""""}"",""{""""ImportId"""":""""QID1_13""""}"",""{""""ImportId"""":""""QID1_14""""}"",""{""""ImportId"""":""""QID1_15""""}"",""{""""ImportId"""":""""QID1_16""""}"",""{""""ImportId"""":""""QID1_17""""}"",""{""""ImportId"""":""""QID1_18""""}"",""{""""ImportId"""":""""QID1_19""""}"",""{""""ImportId"""":""""QID1_20""""}"",""{""""ImportId"""":""""QID1_21""""}"",""{""""ImportId"""":""""QID1_22""""}"",""{""""ImportId"""":""""QID1_23""""}"",""{""""ImportId"""":""""QID1_24""""}"",""{""""ImportId"""":""""QID1_25""""}"",""{""""ImportId"""":""""QID1_26""""}"",""{""""ImportId"""":""""QID1_27""""}"",""{""""ImportId"""":""""QID1_28""""}"",""{""""ImportId"""":""""QID1_29""""}"",""{""""ImportId"""":""""QID1_30""""}"",""{""""ImportId"""":""""QID12_FIRST_CLICK""""}"",""{""""ImportId"""":""""QID12_LAST_CLICK""""}"",""{""""ImportId"""":""""QID12_PAGE_SUBMIT""""}"",""{""""ImportId"""":""""QID12_CLICK_COUNT""""}"",""{""""ImportId"""":""""QID21_1""""}"",""{""""ImportId"""":""""QID22_1""""}"",""{""""ImportId"""":""""QID23_1""""}"",""{""""ImportId"""":""""QID24_1""""}"",""{""""ImportId"""":""""QID25_1""""}"",""{""""ImportId"""":""""QID26_FIRST_CLICK""""}"",""{""""ImportId"""":""""QID26_LAST_CLICK""""}"",""{""""ImportId"""":""""QID26_PAGE_SUBMIT""""}"",""{""""ImportId"""":""""QID26_CLICK_COUNT""""}"",""{""""ImportId"""":""""QID14#1_1""""}"",""{""""ImportId"""":""""QID14#1_2""""}"",""{""""ImportId"""":""""QID14#1_3""""}"",""{""""ImportId"""":""""QID14#1_4""""}"",""{""""ImportId"""":""""QID14#1_5""""}"",""{""""ImportId"""":""""QID14#1_6""""}"",""{""""ImportId"""":""""QID14#1_7""""}"",""{""""ImportId"""":""""QID14#1_8""""}"",""{""""ImportId"""":""""QID14#1_9""""}"",""{""""ImportId"""":""""QID14#1_10""""}"",""{""""ImportId"""":""""QID14#1_11""""}"",""{""""ImportId"""":""""QID14#1_12""""}"",""{""""ImportId"""":""""QID14#1_13""""}"",""{""""ImportId"""":""""QID14#1_14""""}"",""{""""ImportId"""":""""QID14#1_15""""}"",""{""""ImportId"""":""""QID14#1_16""""}"",""{""""ImportId"""":""""QID14#1_17""""}"",""{""""ImportId"""":""""QID14#1_18""""}"",""{""""ImportId"""":""""QID14#1_19""""}"",""{""""ImportId"""":""""QID14#1_20""""}"",""{""""ImportId"""":""""QID14#1_21""""}"",""{""""ImportId"""":""""QID14#1_22""""}"",""{""""ImportId"""":""""QID14#1_23""""}"",""{""""ImportId"""":""""QID14#1_24""""}"",""{""""ImportId"""":""""QID14#1_25""""}"",""{""""ImportId"""":""""QID14#1_26""""}"",""{""""ImportId"""":""""QID14#1_27""""}"",""{""""ImportId"""":""""QID14#1_28""""}"",""{""""ImportId"""":""""QID14#1_29""""}"",""{""""ImportId"""":""""QID14#1_30""""}"",""{""""ImportId"""":""""QID15_FIRST_CLICK""""}"",""{""""ImportId"""":""""QID15_LAST_CLICK""""}"",""{""""ImportId"""":""""QID15_PAGE_SUBMIT""""}"",""{""""ImportId"""":""""QID15_CLICK_COUNT""""}"",""{""""ImportId"""":""""QID7_1""""}"",""{""""ImportId"""":""""QID13_FIRST_CLICK""""}"",""{""""ImportId"""":""""QID13_LAST_CLICK""""}"",""{""""ImportId"""":""""QID13_PAGE_SUBMIT""""}"",""{""""ImportId"""":""""QID13_CLICK_COUNT""""}"",""{""""ImportId"""":""""QID28_1""""}"",""{""""ImportId"""":""""QID28_2""""}"",""{""""ImportId"""":""""QID28_3""""}"",""{""""ImportId"""":""""QID28_4""""}"",""{""""ImportId"""":""""QID28_5""""}"",""{""""ImportId"""":""""QID28_6""""}"",""{""""ImportId"""":""""QID28_8""""}"",""{""""ImportId"""":""""QID29_FIRST_CLICK""""}"",""{""""ImportId"""":""""QID29_LAST_CLICK""""}"",""{""""ImportId"""":""""QID29_PAGE_SUBMIT""""}"",""{""""ImportId"""":""""QID29_CLICK_COUNT""""}"",""{""""ImportId"""":""""QID30_1""""}"",""{""""ImportId"""":""""QID30_2""""}"",""{""""ImportId"""":""""QID30_3""""}"",""{""""ImportId"""":""""QID30_4""""}"",""{""""ImportId"""":""""QID30_5""""}"",""{""""ImportId"""":""""QID31_FIRST_CLICK""""}"",""{""""ImportId"""":""""QID31_LAST_CLICK""""}"",""{""""ImportId"""":""""QID31_PAGE_SUBMIT""""}"",""{""""ImportId"""":""""QID31_CLICK_COUNT""""}"",""{""""ImportId"""":""""QID32_1""""}"",""{""""ImportId"""":""""QID32_2""""}"",""{""""ImportId"""":""""QID32_3""""}"",""{""""ImportId"""":""""QID32_4""""}"",""{""""ImportId"""":""""QID33_FIRST_CLICK""""}"",""{""""ImportId"""":""""QID33_LAST_CLICK""""}"",""{""""ImportId"""":""""QID33_PAGE_SUBMIT""""}"",""{""""ImportId"""":""""QID33_CLICK_COUNT""""}"",""{""""ImportId"""":""""QID34_1""""}"",""{""""ImportId"""":""""QID34_2""""}"",""{""""ImportId"""":""""QID34_3""""}"",""{""""ImportId"""":""""QID34_4""""}"",""{""""ImportId"""":""""QID34_5""""}"",""{""""ImportId"""":""""QID35_FIRST_CLICK""""}"",""{""""ImportId"""":""""QID35_LAST_CLICK""""}"",""{""""ImportId"""":""""QID35_PAGE_SUBMIT""""}"",""{""""ImportId"""":""""QID35_CLICK_COUNT""""}"",""{""""ImportId"""":""""opp""""}"",""{""""ImportId"""":""""rid""""}"",""{""""ImportId"""":""""RISN""""}"",""{""""ImportId"""":""""Q_TotalDuration""""}"",""{""""ImportId"""":""""gc""""}"",""{""""ImportId"""":""""term""""}"""
2017-08-30 10:57:33,2017-08-30 11:03:17,IP-Adresse,87.172.27.149,100,344,Richtig,2017-08-30 11:04:57,R_2PB6rdo2585eYcp,,,,,51.468597412109,11.268798828125,anonymous,DE,18,mÃ_nnlich,allgemeine oder fachgebundene Hochschulreife/Abitur,3.685,9.319,10.884,3,1,3,7,10,7,9,10,0,6,5,1,4,5,7,1,2,2,4,2,4,5,4,2,5,7,2,4,1,2,7,6.247,48.085,48.624,47,3,4,4,4,5,5.307,27.536,28.693,19,Kenne ich,Kenne ich,Kenne ich,Kenne ich,Kenne ich,Kenne ich,Kenne ich,Kenne ich,Kenne ich,Kenne ich,Kenne ich nicht,Kenne ich,Kenne ich,Kenne ich nicht,Kenne ich nicht,Kenne ich nicht,Kenne ich nicht,Kenne ich nicht,Kenne ich nicht,Kenne ich,Kenne ich nicht,Kenne ich nicht,Kenne ich nicht,Kenne ich nicht,Kenne ich nicht,Kenne ich nicht,Kenne ich nicht,Kenne ich nicht,Kenne ich nicht,Kenne ich,5.443,36.158,46.334,32,5,9.779,11.833,22.309,2,5,6,1,2,0,,,7.263,23.679,30.977,7,2,1,8,4,3,7.53,54.28,54.928,16,0,0,0,2,36.398,47.416,48.419,9,9,6,8,3,4,4.789,27.501,28.312,13,Qual951-1206Germany,9513AC53-A48D-E711-813E-121EAC84731D,1201133,344,1,
2017-08-30 10:58:10,2017-08-30 11:03:02,IP-Adresse,87.122.135.114,100,291,Richtig,2017-08-30 11:04:58,R_wZOJ5rno8zrwtvb,,,,,54.79150390625,9.4673004150391,anonymous,DE,23,mÃ_nnlich,Fach/Hochschulstudium,1.021,7.74,13.589,3,8,8,9,7,6,8,7,7,8,7,7,6,5,8,7,8,7,7,8,8,8,7,8,8,8,6,9,9,7,7,1.326,39.479,48.274,61,7,7,9,8,7,3.416,9.853,22.88,7,Kenne ich,Kenne ich,Kenne ich nicht,Kenne ich,Kenne ich,Kenne ich,Kenne ich nicht,Kenne ich nicht,Kenne ich,Kenne ich,Kenne ich,Kenne ich,Kenne ich nicht,Kenne ich nicht,Kenne ich nicht,Kenne ich,Kenne ich,Kenne ich,Kenne ich,Kenne ich nicht,Kenne ich nicht,Kenne ich,Kenne ich,Kenne ich nicht,Kenne ich,Kenne ich nicht,Kenne ich,Kenne ich,Kenne ich,Kenne ich,0.988,19.619,46.319,30,7,4.599,19.753,20.942,4,6,8,5,8,7,,,0.739,8.774,33.636,17,6,8,7,8,9,0.77,6.782,40.749,14,5,7,6,8,0.721,4.672,23.869,10,8,7,8,7,6,1.21,4.947,25.004,9,Qual951-1206Germany,47D0966B-A48D-E711-813E-121EAC84731D,1201133,291,1,
2017-08-30 10:58:54,2017-08-30 11:07:19,IP-Adresse,2.247.247.213,100,504,Richtig,2017-08-30 11:07:19,R_3fV3TOrcPwcaepE,,,,,51.550003051758,7.2167053222656,anonymous,DE,52,mÃ_nnlich,Fach/Hochschulstudium,1.074,7.171,38.146,3,1,1,1,3,1,1,1,2,3,2,0,3,2,3,1,3,1,4,2,0,1,1,2,0,1,3,1,1,1,2,11.179,66.797,68.006,35,2,2,1,1,1,5.594,19.614,21.128,9,Kenne ich,Kenne ich,Kenne ich,Kenne ich,Kenne ich,Kenne ich,Kenne ich,Kenne ich,Kenne ich,Kenne ich,Kenne ich,Kenne ich,Kenne ich,Kenne ich,Kenne ich,Kenne ich,Kenne ich nicht,Kenne ich,Kenne ich,Kenne ich,Kenne ich,Kenne ich nicht,Kenne ich nicht,Kenne ich nicht,Kenne ich,Kenne ich,Kenne ich nicht,Kenne ich nicht,Kenne ich nicht,Kenne ich,16.855,53.005,54.72,32,5,5.061,22.375,25.503,8,0,10,10,10,10,,,3.093,22.43,53.937,8,5,2,3,4,4,4.714,17.956,80.193,6,10,10,10,5,4.081,14.484,90.503,6,3,2,2,2,1,30.346,44.48,45.584,6,Qual951-1206Germany,B4108E83-A48D-E711-813E-121EAC84731D,1201133,504,1,
2017-08-30 11:02:22,2017-08-30 11:07:22,IP-Adresse,79.254.135.158,100,300,Richtig,2017-08-30 11:07:23,R_2t42XnaDs3VtaTq,,,,,51.48469543457,7.4996032714844,anonymous,DE,67,mÃ_nnlich,Haupt-/Volksschulabschluss,2.26,8.293,12.032,2,9,10,10,9,9,9,9,7,9,9,5,10,3,10,9,4,4,3,4,9,6,4,4,5,9,4,4,6,4,10,5.857,66.856,67.824,45,9,8,8,9,8,7.511,19.455,21.45,6,Kenne ich,Kenne ich,Kenne ich,Kenne ich,Kenne ich,Kenne ich nicht,Kenne ich nicht,Kenne ich,Kenne ich,Kenne ich,Kenne ich nicht,Kenne ich,Kenne ich nicht,Kenne ich nicht,Kenne ich nicht,Kenne ich nicht,Kenne ich nicht,Kenne ich nicht,Kenne ich nicht,Kenne ich nicht,Kenne ich,Kenne ich nicht,Kenne ich nicht,Kenne ich nicht,Kenne ich,Kenne ich nicht,Kenne ich nicht,Kenne ich nicht,Kenne ich nicht,Kenne ich,6.66,32.63,48.175,31,2,4.733,5.499,21.635,2,10,0,0,5,0,,,7.449,24.313,32.511,7,10,10,7,2,7,4.828,27.395,28.566,6,0,2,0,0,7.13,18.225,24.343,6,5,10,9,7,5,6.57,22.984,24.257,5,Qual951-1206Germany,51516901-A58D-E711-813E-121EAC84731D,1201133,300,1,
2017-08-30 11:01:29,2017-08-30 11:07:36,IP-Adresse,37.201.215.137,100,367,Richtig,2017-08-30 11:07:38,R_OIMi6fNk986ksN3,,,,,51.4375,6.7427978515625,anonymous,DE,24,weiblich,Fach/Hochschulstudium,1.025,4.292,11.071,2,0,5,0,5,3,5,0,0,0,0,5,0,0,0,5,0,0,0,0,0,0,0,0,0,0,0,0,,0,0,10.056,84.796,84.799,41,5,3,3,3,3,9.896,31.955,33.421,5,Kenne ich nicht,Kenne ich nicht,Kenne ich nicht,Kenne ich,Kenne ich nicht,Kenne ich nicht,Kenne ich nicht,Kenne ich nicht,Kenne ich nicht,Kenne ich nicht,Kenne ich nicht,Kenne ich nicht,Kenne ich nicht,Kenne ich nicht,Kenne ich nicht,Kenne ich nicht,Kenne ich nicht,Kenne ich nicht,Kenne ich nicht,Kenne ich nicht,Kenne ich nicht,Kenne ich nicht,Kenne ich nicht,Kenne ich nicht,Kenne ich nicht,Kenne ich nicht,Kenne ich nicht,Kenne ich nicht,Kenne ich nicht,Kenne ich nicht,2.35,36.646,46.797,33,0,5.966,5.966,29.279,1,5,8,8,6,1,,,7.325,40.655,41.817,6,1,5,5,3,7,7.852,38.357,39.31,8,0,8,0,0,17.529,32.141,33.622,5,7,10,10,7,5,7.729,28.718,29.964,5,Qual951-1206Germany,343C84E3-A48D-E711-813E-121EAC84731D,1201133,367,1,
2017-08-30 11:01:38,2017-08-30 11:07:45,IP-Adresse,88.74.198.113,100,367,Richtig,2017-08-30 11:07:46,R_12PH6Rgxxx7dfN5,,,,,52.512298583984,13.439407348633,anonymous,DE,68,mÃ_nnlich,Abschluss der Polytechnischen Oberschule (8./10.Klasse),1.519,4.787,12.527,2,0,1,1,0,0,0,0,0,0,0,0,1,1,0,0,0,0,0,0,0,0,0,0,0,0,0,0,0,0,1,11.229,73.552,75.345,33,5,5,4,4,0,10.891,37.597,39.151,7,Kenne ich,Kenne ich,Kenne ich,Kenne ich,Kenne ich,Kenne ich nicht,Kenne ich,Kenne ich,Kenne ich,Kenne ich nicht,Kenne ich nicht,Kenne ich,Kenne ich,Kenne ich,Kenne ich,Kenne ich nicht,Kenne ich nicht,Kenne ich nicht,Kenne ich nicht,Kenne ich,Kenne ich nicht,Kenne ich nicht,Kenne ich nicht,Kenne ich nicht,Kenne ich nicht,Kenne ich nicht,Kenne ich nicht,Kenne ich nicht,Kenne ich nicht,Kenne ich,8.147,61.309,62.328,30,10,9.896,19.691,21.654,3,0,10,8,10,10,,,20.996,42.657,43.908,6,7,3,3,2,5,9.808,38.322,39.792,5,10,10,10,10,13.647,25.595,27.955,4,5,10,5,5,2,8.066,31.447,32.963,7,Qual951-1206Germany,033D84E3-A48D-E711-813E-121EAC84731D,1201133,367,1,
2017-08-30 11:01:44,2017-08-30 11:08:12,IP-Adresse,89.14.34.239,100,387,Richtig,2017-08-30 11:08:13,R_vH6U8lOaWHW7Ukh,,,,,49.949996948242,6.6667022705078,anonymous,DE,20,weiblich,Realschulabschluss (Mittlere Reife),1.125,9.839,11.492,3,8,7,8,8,7,8,3,0,8,2,6,8,3,3,7,1,0,2,3,5,4,0,1,4,1,1,3,3,1,6,5.442,56.315,57.188,37,6,4,3,7,4,7.744,23.842,24.568,6,Kenne ich,Kenne ich,Kenne ich,Kenne ich,Kenne ich,Kenne ich,Kenne ich,Kenne ich,Kenne ich,Kenne ich nicht,Kenne ich,Kenne ich,Kenne ich,Kenne ich,Kenne ich nicht,Kenne ich nicht,Kenne ich nicht,Kenne ich nicht,Kenne ich nicht,Kenne ich,Kenne ich nicht,Kenne ich nicht,Kenne ich nicht,Kenne ich,Kenne ich,Kenne ich nicht,Kenne ich nicht,Kenne ich,Kenne ich nicht,Kenne ich,2.403,31.266,60.065,31,4,20.607,20.607,21.459,1,8,8,4,9,6,,,4.242,14.873,67.257,6,7,10,0,0,0,13.658,33.733,34.217,7,0,0,10,10,6.739,38.48,44.655,19,3,10,1,10,0,9.501,22.512,41.899,5,Qual951-1206Germany,9F617BE9-A48D-E711-813E-121EAC84731D,1201133,387,1,
2017-08-30 11:01:37,2017-08-30 11:08:21,IP-Adresse,84.155.55.143,100,403,Richtig,2017-08-30 11:08:21,R_2teZTfuFdzdpRny,,,,,53.5,10.483306884766,anonymous,DE,45,mÃ_nnlich,allgemeine oder fachgebundene Hochschulreife/Abitur,1.632,16.448,18.2,3,6,5,6,6,5,4,4,1,5,4,1,5,5,5,6,5,6,5,1,1,5,4,4,5,6,7,6,4,5,5,17.446,115.128,117.611,39,8,8,8,8,8,6.77,17.202,33.232,7,Kenne ich,Kenne ich nicht,Kenne ich,Kenne ich,Kenne ich nicht,Kenne ich,Kenne ich nicht,Kenne ich nicht,Kenne ich nicht,Kenne ich,Kenne ich nicht,Kenne ich nicht,Kenne ich nicht,Kenne ich,Kenne ich,Kenne ich nicht,Kenne ich nicht,Kenne ich nicht,Kenne ich nicht,Kenne ich nicht,Kenne ich,Kenne ich,Kenne ich nicht,Kenne ich nicht,Kenne ich nicht,Kenne ich,Kenne ich nicht,Kenne ich nicht,Kenne ich nicht,Kenne ich nicht,11.947,55.892,67.136,38,5,4.749,20.933,22.343,2,8,5,1,5,2,,,8.25,48.033,49.587,5,4,7,6,7,6,10.123,32.471,33.684,8,3,6,6,6,8.45,13.979,24.621,4,5,5,8,5,10,2.542,19.344,21.107,7,Qual951-1206Germany,EB3C84E3-A48D-E711-813E-121EAC84731D,1201133,403,1,
2017-08-30 11:04:06,2017-08-30 11:09:25,IP-Adresse,79.218.88.87,100,319,Richtig,2017-08-30 11:09:26,R_1i5279FAJDBQGFp,,,,,50.089996337891,8.6815948486328,anonymous,DE,54,mÃ_nnlich,Fach/Hochschulstudium,1.349,3.597,12.565,2,2,2,6,1,7,1,7,0,1,0,4,1,2,7,6,0,0,0,0,4,0,0,1,0,1,0,0,1,0,0,2.999,45.214,46.449,35,4,2,3,2,2,8.843,18.303,21.213,8,Kenne ich,Kenne ich,Kenne ich,Kenne ich,Kenne ich,Kenne ich,Kenne ich,Kenne ich,Kenne ich,Kenne ich,Kenne ich,Kenne ich,Kenne ich,Kenne ich,Kenne ich,Kenne ich nicht,Kenne ich nicht,Kenne ich nicht,Kenne ich nicht,Kenne ich,Kenne ich nicht,Kenne ich nicht,Kenne ich nicht,Kenne ich nicht,Kenne ich nicht,Kenne ich nicht,Kenne ich nicht,Kenne ich nicht,Kenne ich nicht,Kenne ich,2.1,85.881,93.348,36,2,3.56,4.471,21.548,2,8,2,1,4,3,,,3.185,14.236,31.349,5,9,9,1,7,9,4.053,18.738,21.204,6,1,0,0,0,3.426,10.89,22.221,6,7,8,10,9,1,4.033,13.788,21.534,6,Qual951-1206Germany,FC222E3D-A58D-E711-813E-121EAC84731D,1201133,319,1,
2017-08-30 11:03:46,2017-08-30 11:09:40,IP-Adresse,91.49.35.64,100,354,Richtig,2017-08-30 11:09:41,R_28HAhmljY1rRssv,,,,,48.261901855469,11.445205688477,anonymous,DE,24,mÃ_nnlich,Abschluss der Polytechnischen Oberschule (8./10.Klasse),10.593,13.251,15.319,2,3,3,7,4,3,4,7,4,3,2,3,6,4,2,7,8,6,2,4,9,5,5,6,2,2,4,7,2,2,5,1.493,41.214,89.651,33,6,1,8,6,4,11.731,22.458,24.869,7,Kenne ich,Kenne ich,Kenne ich,Kenne ich,Kenne ich,Kenne ich,Kenne ich,Kenne ich,Kenne ich,Kenne ich,Kenne ich,Kenne ich,Kenne ich,Kenne ich,Kenne ich,Kenne ich,Kenne ich,Kenne ich,Kenne ich,Kenne ich,Kenne ich,Kenne ich,Kenne ich,Kenne ich,Kenne ich,Kenne ich,Kenne ich,Kenne ich,Kenne ich,Kenne ich,1.959,45.383,47.873,54,10,1.522,3.77,23.899,2,8,7,5,8,9,,,1.275,7.61,33.216,6,6,5,7,6,7,1.627,5.675,35.959,5,6,4,4,6,8.748,11.349,35.553,4,9,3,6,5,10,1.17,5.322,25.899,7,Qual951-1206Germany,62B33631-A58D-E711-813E-121EAC84731D,1201133,354,1,
2017-09-01 03:05:39,2017-09-01 03:10:41,IP-Adresse,178.21.3.146,100,302,Richtig,2017-09-01 03:10:42,R_1gooDsUba0htuPU,,,,,50.783294677734,10.783294677734,anonymous,DE,48,mÃ_nnlich,Realschulabschluss (Mittlere Reife),1.584,3.568,12.121,2,10,10,10,10,10,10,0,10,10,10,0,10,10,10,0,10,0,0,0,0,10,10,10,10,10,0,10,0,0,10,13.506,83.209,84.941,39,10,10,10,10,10,9.372,15.829,22.039,5,Kenne ich,Kenne ich,Kenne ich,Kenne ich nicht,Kenne ich nicht,Kenne ich nicht,Kenne ich,Kenne ich nicht,Kenne ich,Kenne ich nicht,Kenne ich nicht,Kenne ich nicht,Kenne ich nicht,Kenne ich,Kenne ich nicht,Kenne ich,Kenne ich nicht,Kenne ich nicht,Kenne ich nicht,Kenne ich nicht,Kenne ich,Kenne ich nicht,Kenne ich nicht,Kenne ich nicht,Kenne ich,Kenne ich,Kenne ich nicht,Kenne ich nicht,Kenne ich nicht,Kenne ich nicht,4.742,40.944,47.414,31,5,7.384,7.384,21.811,1,10,5,4,6,8,10,1,6.124,31.043,32.631,11,5,10,10,10,10,7.128,21.151,21.883,8,10,4,10,10,4.042,12.771,21.496,6,10,10,10,10,10,2.344,8.168,21.77,5,Qual951-1206Germany,086A24BF-F48E-E711-813E-121EAC84731D,1201133,302,1,
2017-09-01 03:04:40,2017-09-01 03:10:43,IP-Adresse,78.52.83.149,100,362,Richtig,2017-09-01 03:10:43,R_2fg4BkedaepOBxm,,,,,52.516693115234,13.399993896484,anonymous,DE,55,mÃ_nnlich,Haupt-/Volksschulabschluss,0.891,1.835,12.716,2,10,10,10,10,10,10,10,10,10,9,9,9,10,9,9,10,7,7,10,9,8,9,10,10,9,8,10,8,10,10,13.622,70.867,71.606,54,10,10,10,10,10,7.71,14.586,25.176,5,Kenne ich,Kenne ich,Kenne ich,Kenne ich,Kenne ich,Kenne ich,Kenne ich,Kenne ich,Kenne ich,Kenne ich,Kenne ich,Kenne ich,Kenne ich,Kenne ich,Kenne ich,Kenne ich nicht,Kenne ich nicht,Kenne ich nicht,Kenne ich nicht,Kenne ich,Kenne ich,Kenne ich nicht,Kenne ich,Kenne ich,Kenne ich,Kenne ich nicht,Kenne ich,Kenne ich,Kenne ich nicht,Kenne ich,9.876,45.18,46.401,42,5,7.972,8.56,38.141,2,7,10,10,10,5,9,7,8.262,30.035,31.437,9,1,10,10,10,10,7.859,21.611,22.414,8,10,10,10,10,13.521,21.033,21.64,6,10,10,10,10,10,4.821,15.713,26.241,5,Qual951-1206Germany,C3C9E69A-F48E-E711-813E-121EAC84731D,1201133,362,1,
2017-09-01 03:05:41,2017-09-01 03:12:39,IP-Adresse,77.5.143.124,100,417,Richtig,2017-09-01 03:12:39,R_3D2rOtGcMRLvm3Y,,,,,51.328994750977,12.311492919922,anonymous,DE,58,mÃ_nnlich,allgemeine oder fachgebundene Hochschulreife/Abitur,1.373,9.936,11.631,2,5,6,6,7,8,7,7,6,6,5,5,5,6,7,7,0,0,5,2,7,0,3,0,6,6,7,5,5,4,7,8.706,113.908,115.964,32,5,3,3,4,1,19.068,41.009,42.627,7,Kenne ich,Kenne ich,Kenne ich,Kenne ich,Kenne ich,Kenne ich,Kenne ich,Kenne ich,Kenne ich,Kenne ich nicht,Kenne ich,Kenne ich,Kenne ich,Kenne ich,Kenne ich,Kenne ich,Kenne ich nicht,Kenne ich nicht,Kenne ich nicht,Kenne ich,Kenne ich,Kenne ich nicht,Kenne ich,Kenne ich,Kenne ich nicht,Kenne ich,Kenne ich nicht,Kenne ich,Kenne ich nicht,Kenne ich,8.767,57.099,59.386,30,7,8.359,20.116,22.251,4,1,10,10,10,9,10,10,12.145,45.586,47.187,11,7,7,6,5,6,9.895,38.29,39.944,6,9,10,7,7,12.684,26.469,27.781,5,6,5,6,0,0,6.444,30.691,32.208,8,Qual951-1206Germany,186A24BF-F48E-E711-813E-121EAC84731D,1201133,417,1,
2017-09-01 03:04:01,2017-09-01 03:12:39,IP-Adresse,87.152.137.186,100,518,Richtig,2017-09-01 03:12:39,R_1ILzXOpmZjzU2zm,,,,,50.416702270508,11.75,anonymous,DE,74,mÃ_nnlich,Fach/Hochschulstudium,1.718,10.558,12.429,2,10,10,10,10,10,10,10,9,10,5,5,8,8,10,10,7,6,5,3,10,9,5,7,,9,1,5,5,5,9,11.7,176.099,180.006,44,6,1,4,5,6,26.896,60.507,62.809,8,Kenne ich,Kenne ich,Kenne ich,Kenne ich,Kenne ich,Kenne ich,Kenne ich,Kenne ich,Kenne ich,Kenne ich nicht,Kenne ich,Kenne ich,Kenne ich,Kenne ich,Kenne ich,Kenne ich nicht,Kenne ich nicht,Kenne ich nicht,Kenne ich nicht,Kenne ich,Kenne ich,Kenne ich nicht,Kenne ich nicht,Kenne ich nicht,Kenne ich,Kenne ich nicht,Kenne ich nicht,Kenne ich nicht,Kenne ich nicht,Kenne ich,8.022,68.493,70.43,34,4,12.246,18.908,22.488,2,9,9,0,0,0,0,0,12.522,45.377,47.892,8,8,10,7,5,10,8.706,36.39,38.216,5,1,5,1,5,10.044,27.907,29.821,4,10,10,10,7,7,6.939,30.803,32.642,5,Qual951-1206Germany,F3EFB982-F48E-E711-813E-121EAC84731D,1201133,518,1,
2017-09-01 03:07:36,2017-09-01 03:12:59,IP-Adresse,80.147.221.222,100,322,Richtig,2017-09-01 03:12:59,R_1JKKLaI1E5mNzHG,,,,,51.299301147461,9.4909973144531,anonymous,DE,25,mÃ_nnlich,Realschulabschluss (Mittlere Reife),0.977,13.909,13.966,18,1,0,0,1,1,1,1,3,3,1,1,0,1,0,1,1,0,0,0,1,0,1,1,1,0,1,1,1,1,1,2.412,84.296,85.057,98,1,2,1,2,3,3.521,20.748,22.237,24,Kenne ich,Kenne ich nicht,Kenne ich nicht,Kenne ich nicht,Kenne ich nicht,Kenne ich,Kenne ich nicht,Kenne ich,Kenne ich nicht,Kenne ich nicht,Kenne ich nicht,Kenne ich,Kenne ich,Kenne ich nicht,Kenne ich nicht,Kenne ich nicht,Kenne ich nicht,Kenne ich nicht,Kenne ich nicht,Kenne ich nicht,Kenne ich nicht,Kenne ich nicht,Kenne ich nicht,Kenne ich nicht,Kenne ich nicht,Kenne ich nicht,Kenne ich nicht,Kenne ich nicht,Kenne ich nicht,Kenne ich nicht,1.763,43.695,47.799,76,5,0.932,23.4,24.208,9,0,10,10,10,2,10,7,1.052,42.631,43.141,34,4,3,3,7,3,0.858,19.304,20.912,14,2,6,4,2,0.766,12.207,22.77,14,2,5,5,3,8,2.322,21.074,21.118,18,Qual951-1206Germany,3D917E01-F58E-E711-813E-121EAC84731D,1201133,322,1,
2017-09-01 03:05:57,2017-09-01 03:13:00,IP-Adresse,149.154.148.201,100,423,Richtig,2017-09-01 03:13:00,R_571oAda8rfRbmJX,,,,,51.470504760742,7.0220947265625,anonymous,DE,30,mÃ_nnlich,allgemeine oder fachgebundene Hochschulreife/Abitur,0.687,10.223,11.486,4,,,,,,,,,,,,,,,,,,,,,,,,,,,,,,,0,0,180.001,0,3,6,4,5,5,15.544,33.838,34.701,14,Kenne ich,Kenne ich,Kenne ich,Kenne ich,Kenne ich,Kenne ich,Kenne ich,Kenne ich,Kenne ich,Kenne ich,Kenne ich,Kenne ich,Kenne ich,Kenne ich,Kenne ich,Kenne ich nicht,Kenne ich nicht,Kenne ich nicht,Kenne ich nicht,Kenne ich,Kenne ich nicht,Kenne ich nicht,Kenne ich nicht,Kenne ich nicht,Kenne ich,Kenne ich nicht,Kenne ich nicht,Kenne ich nicht,Kenne ich nicht,Kenne ich,6.25,53.751,54.574,30,3,2.034,2.597,20.921,2,9,4,0,10,0,1,0,6.673,33.24,34.151,14,2,7,7,5,9,10.375,31.871,32.766,6,1,0,0,1,5.58,14.477,21.169,4,5,10,8,8,7,6.793,20.57,21.375,7,Qual951-1206Germany,7E2532CB-F48E-E711-813E-121EAC84731D,1201133,423,1,
2017-09-01 03:05:17,2017-09-01 03:14:35,IP-Adresse,84.119.154.3,100,558,Richtig,2017-09-01 03:14:36,R_3dSyMaXbUHyhtbH,,,,,51.38330078125,8.0832977294922,anonymous,DE,46,mÃ_nnlich,Fachhochschulreife,3.873,7.12,11.358,2,,,,,,,,,,,,,,,,,,,,,,,,,,,,,,,0,0,180.009,0,,,,,,0,0,90.01,0,Kenne ich,Kenne ich,Kenne ich,Kenne ich,Kenne ich,Kenne ich,Kenne ich,Kenne ich,Kenne ich,Kenne ich,Kenne ich,Kenne ich,Kenne ich,Kenne ich,Kenne ich,Kenne ich nicht,Kenne ich,Kenne ich,Kenne ich,Kenne ich,Kenne ich,Kenne ich,Kenne ich,Kenne ich,Kenne ich,Kenne ich,Kenne ich,Kenne ich,Kenne ich,Kenne ich,47.784,125.5,128.407,54,5,4.021,18.262,21.493,3,6,10,10,4,10,10,0,5.921,27.913,32.51,7,10,10,8,10,10,6.572,24.421,25.444,7,2,2,4,7,7.202,17.272,21.747,4,10,10,10,10,10,5.815,13.77,22.724,7,Qual951-1206Germany,FC81FDAC-F48E-E711-813E-121EAC84731D,1201133,558,1,
2017-09-01 03:10:04,2017-09-01 03:14:57,IP-Adresse,31.18.136.27,100,292,Richtig,2017-09-01 03:14:58,R_OPXhnEWbDRKV3mV,,,,,53.416702270508,10.266693115234,anonymous,DE,45,mÃ_nnlich,Realschulabschluss (Mittlere Reife),1.481,4.247,11.385,2,0,1,0,1,0,0,2,0,1,0,0,0,0,0,0,0,0,0,0,1,0,0,0,0,0,0,0,0,0,2,7.77,58.964,60.036,34,2,2,2,2,2,5.635,20.184,21.393,6,Kenne ich,Kenne ich,Kenne ich,Kenne ich,Kenne ich,Kenne ich,Kenne ich,Kenne ich,Kenne ich,Kenne ich nicht,Kenne ich,Kenne ich,Kenne ich,Kenne ich,Kenne ich,Kenne ich nicht,Kenne ich nicht,Kenne ich nicht,Kenne ich nicht,Kenne ich,Kenne ich nicht,Kenne ich nicht,Kenne ich nicht,Kenne ich nicht,Kenne ich nicht,Kenne ich nicht,Kenne ich nicht,Kenne ich nicht,Kenne ich nicht,Kenne ich,6.592,38.903,50.578,30,4,7.273,17.168,24.178,2,1,8,7,10,8,10,10,5.892,28.913,31.616,8,9,5,1,1,6,5.552,25.5,26.698,9,10,7,4,5,6.102,21.644,22.591,5,5,5,8,8,6,5.03,20.176,21.304,7,Qual951-1206Germany,B2DA875B-F58E-E711-813E-121EAC84731D,1201133,292,1,
2017-09-01 03:09:20,2017-09-01 03:15:57,IP-Adresse,82.82.45.132,100,396,Richtig,2017-09-01 03:15:57,R_25HrDkx9XPnJdSI,,,,,52.394302368164,9.7474975585938,anonymous,DE,26,mÃ_nnlich,allgemeine oder fachgebundene Hochschulreife/Abitur,1.085,13.141,13.463,9,9,8,6,3,4,0,0,6,8,2,0,6,1,4,1,0,0,0,0,0,1,0,0,2,0,3,0,0,0,10,11.93,57.62,58.569,41,6,7,5,6,7,5.202,21.729,22.103,8,Kenne ich,Kenne ich,Kenne ich,Kenne ich,Kenne ich,Kenne ich nicht,Kenne ich nicht,Kenne ich,Kenne ich,Kenne ich nicht,Kenne ich nicht,Kenne ich,Kenne ich,Kenne ich,Kenne ich nicht,Kenne ich nicht,Kenne ich nicht,Kenne ich nicht,Kenne ich nicht,Kenne ich nicht,Kenne ich nicht,Kenne ich nicht,Kenne ich nicht,Kenne ich,Kenne ich nicht,Kenne ich nicht,Kenne ich,Kenne ich nicht,Kenne ich nicht,Kenne ich,2.496,35.2,46.208,35,5,10.305,10.305,32.175,1,1,8,2,6,9,7,4,7.888,30.775,32.115,12,5,10,2,1,3,91.543,114.802,115.527,15,5,5,7,8,5.342,11.351,32.771,5,7,7,5,7,1,3.631,13.459,26.514,8,Qual951-1206Germany,271D8243-F58E-E711-813E-121EAC84731D,1201133,396,1,
2017-09-01 03:11:19,2017-09-01 03:16:33,IP-Adresse,87.187.171.133,100,314,Richtig,2017-09-01 03:16:33,R_2dKqc4PejXoFFHF,,,,,49.36669921875,7.0500030517578,anonymous,DE,27,weiblich,Fach/Hochschulstudium,0.983,10.25,11.573,3,7,7,9,9,7,7,6,7,7,8,6,9,8,9,8,6,8,7,8,6,6,9,6,8,6,7,7,8,6,6,10.921,75.424,76.417,56,8,7,8,6,7,1.563,14.689,22.662,14,Kenne ich nicht,Kenne ich nicht,Kenne ich,Kenne ich,Kenne ich nicht,Kenne ich,Kenne ich nicht,Kenne ich,Kenne ich nicht,Kenne ich,Kenne ich,Kenne ich nicht,Kenne ich,Kenne ich,Kenne ich,Kenne ich,Kenne ich nicht,Kenne ich nicht,Kenne ich nicht,Kenne ich nicht,Kenne ich,Kenne ich,Kenne ich,Kenne ich,Kenne ich nicht,Kenne ich nicht,Kenne ich,Kenne ich nicht,Kenne ich nicht,Kenne ich nicht,3.084,44.891,46.12,35,8,1.293,19.965,26.74,9,8,6,6,7,9,8,8,3.589,27.822,31.96,11,7,9,9,7,9,1.431,12.619,22.455,13,8,7,9,8,0.809,15.053,21.417,10,6,8,8,8,7,26.915,33.387,34.304,6,Qual951-1206Germany,742DB28B-F58E-E711-813E-121EAC84731D,1201133,314,1,
2017-09-01 03:10:13,2017-09-01 03:16:42,IP-Adresse,79.220.157.48,100,388,Richtig,2017-09-01 03:16:42,R_28Ij7N65QKyD3rK,,,,,50.966705322266,10.066696166992,anonymous,DE,46,mÃ_nnlich,Realschulabschluss (Mittlere Reife),1.983,4.959,11.667,2,10,10,10,8,9,8,9,6,10,7,4,9,9,9,8,2,5,4,6,6,4,3,7,8,7,4,8,8,4,10,7.467,101.805,104.147,32,8,9,9,9,9,3.638,20.43,22.309,5,Kenne ich,Kenne ich,Kenne ich,Kenne ich,Kenne ich,Kenne ich,Kenne ich,Kenne ich,Kenne ich,Kenne ich,Kenne ich nicht,Kenne ich,Kenne ich,Kenne ich,Kenne ich nicht,Kenne ich nicht,Kenne ich nicht,Kenne ich nicht,Kenne ich nicht,Kenne ich nicht,Kenne ich,Kenne ich nicht,Kenne ich nicht,Kenne ich nicht,Kenne ich,Kenne ich nicht,Kenne ich nicht,Kenne ich nicht,Kenne ich nicht,Kenne ich,5.295,60.192,62.037,33,9,1.458,1.458,22.037,1,4,10,9,10,6,9,5,7.127,51.311,53.123,7,9,10,2,8,7,5.761,36.385,37.958,7,7,2,2,6,7.55,23.588,25.271,5,8,9,4,9,6,2.731,26.503,28.994,5,Qual951-1206Germany,FC049861-F58E-E711-813E-121EAC84731D,1201133,388,1,
2017-09-01 03:12:48,2017-09-01 03:17:18,IP-Adresse,93.200.246.107,100,270,Richtig,2017-09-01 03:17:19,R_2WuR7L5jmySCqHT,,,,,50.583297729492,7.9667053222656,anonymous,DE,34,weiblich,Realschulabschluss (Mittlere Reife),0.791,4.265,11.474,2,8,10,10,9,8,9,8,7,9,8,9,8,8,10,8,6,3,3,6,8,8,7,6,8,8,4,6,8,5,10,4.021,53.452,54.393,34,8,7,7,7,6,7.385,25.038,25.829,7,Kenne ich,Kenne ich,Kenne ich,Kenne ich,Kenne ich,Kenne ich,Kenne ich,Kenne ich,Kenne ich,Kenne ich,Kenne ich,Kenne ich,Kenne ich,Kenne ich,Kenne ich,Kenne ich nicht,Kenne ich nicht,Kenne ich nicht,Kenne ich nicht,Kenne ich,Kenne ich nicht,Kenne ich nicht,Kenne ich nicht,Kenne ich,Kenne ich,Kenne ich nicht,Kenne ich nicht,Kenne ich nicht,Kenne ich nicht,Kenne ich,3.679,31.35,46.5,30,4,5.309,15.894,20.83,3,5,10,8,7,8,8,5,7.904,29.271,30.985,7,7,8,7,9,9,4.043,16.547,22.362,7,5,4,8,8,4.135,13.398,21.023,4,8,10,7,8,8,6.315,19.168,21.261,7,Qual951-1206Germany,0754E7BB-F58E-E711-813E-121EAC84731D,1201133,270,1,
2017-09-01 03:09:01,2017-09-01 03:17:57,IP-Adresse,178.202.61.3,100,535,Richtig,2017-09-01 03:17:58,R_SCCak4BHnmudGQp,,,,,51.533004760742,7.0234069824219,anonymous,DE,44,mÃ_nnlich,Realschulabschluss (Mittlere Reife),2.709,5.109,14.324,2,5,7,7,4,6,4,5,5,2,2,5,2,5,6,4,5,5,2,2,5,5,1,2,6,5,2,1,2,5,7,10.29,109.652,111.3,31,6,7,6,7,7,25.734,42.717,43.596,5,Kenne ich,Kenne ich,Kenne ich,Kenne ich,Kenne ich,Kenne ich,Kenne ich,Kenne ich,Kenne ich,Kenne ich,Kenne ich nicht,Kenne ich,Kenne ich nicht,Kenne ich,Kenne ich,Kenne ich nicht,Kenne ich nicht,Kenne ich nicht,Kenne ich nicht,Kenne ich,Kenne ich nicht,Kenne ich nicht,Kenne ich nicht,Kenne ich,Kenne ich,Kenne ich nicht,Kenne ich nicht,Kenne ich nicht,Kenne ich nicht,Kenne ich,15.636,60.332,61.686,30,1,21.863,21.863,22.703,1,3,10,8,10,9,10,10,73.704,119.915,122.029,8,10,10,0,2,8,9.807,53.522,61.81,5,0,4,0,1,9.198,32.295,34.181,4,9,10,10,3,3,12.992,33.847,35.278,5,Qual951-1206Germany,E0B17637-F58E-E711-813E-121EAC84731D,1201133,535,1,
2017-09-01 03:11:59,2017-09-01 03:18:06,IP-Adresse,91.1.145.56,100,367,Richtig,2017-09-01 03:18:07,R_1jYUIiA7UlbBTs5,,,,,51.965896606445,8.2210998535156,anonymous,DE,39,mÃ_nnlich,allgemeine oder fachgebundene Hochschulreife/Abitur,1.254,8.343,11.96,3,5,5,4,4,5,2,6,4,4,1,4,5,5,5,1,1,1,1,1,3,1,1,1,1,2,1,1,1,1,4,56.218,111.737,112.8,39,3,1,1,2,2,8.92,24.583,25.597,6,Kenne ich,Kenne ich,Kenne ich,Kenne ich,Kenne ich,Kenne ich,Kenne ich,Kenne ich,Kenne ich,Kenne ich nicht,Kenne ich,Kenne ich,Kenne ich,Kenne ich,Kenne ich,Kenne ich nicht,Kenne ich nicht,Kenne ich nicht,Kenne ich nicht,Kenne ich,Kenne ich nicht,Kenne ich nicht,Kenne ich nicht,Kenne ich nicht,Kenne ich,Kenne ich nicht,Kenne ich nicht,Kenne ich nicht,Kenne ich nicht,Kenne ich,4.621,49.492,50.303,33,4,5.067,20.566,21.793,5,4,5,4,4,3,3,3,12.835,43.986,45.693,9,5,5,6,5,5,8.262,28.896,30.05,5,5,5,6,5,7.154,18.824,21.436,5,7,8,10,10,5,7.718,30.1,31.279,8,Qual951-1206Germany,D041F79D-F58E-E711-813E-121EAC84731D,1201133,367,1,
2017-09-01 03:11:59,2017-09-01 03:18:56,IP-Adresse,91.56.247.243,100,416,Richtig,2017-09-01 03:18:57,R_1LhBynUlPfAkBch,,,,,52.283294677734,8.6667022705078,anonymous,DE,52,weiblich,Realschulabschluss (Mittlere Reife),1.739,4.46,11.846,2,8,10,10,5,2,0,1,9,10,1,1,1,8,6,0,1,0,0,1,2,1,1,8,9,4,0,1,5,1,9,18.133,109.457,110.735,37,8,9,5,8,8,19.081,38.986,39.71,5,Kenne ich,Kenne ich,Kenne ich,Kenne ich,Kenne ich,Kenne ich,Kenne ich,Kenne ich,Kenne ich,Kenne ich nicht,Kenne ich nicht,Kenne ich nicht,Kenne ich,Kenne ich nicht,Kenne ich nicht,Kenne ich nicht,Kenne ich nicht,Kenne ich nicht,Kenne ich nicht,Kenne ich nicht,Kenne ich,Kenne ich nicht,Kenne ich,Kenne ich nicht,Kenne ich nicht,Kenne ich nicht,Kenne ich nicht,Kenne ich nicht,Kenne ich nicht,Kenne ich,5.315,48.499,49.902,30,10,8.58,8.58,28.342,1,0,10,10,10,10,10,10,7.419,43.617,45.066,9,10,10,0,7,10,17.118,43.124,44.066,6,10,5,10,9,6.747,23.197,23.991,4,10,10,10,10,10,18.194,38.13,38.843,6,Qual951-1206Germany,C641F79D-F58E-E711-813E-121EAC84731D,1201133,416,1,
2017-09-01 03:09:42,2017-09-01 03:20:05,IP-Adresse,188.174.233.106,100,622,Richtig,2017-09-01 03:20:07,R_snap7dJteOKWoBH,,,,,51.299301147461,9.4909973144531,anonymous,DE,30,mÃ_nnlich,allgemeine oder fachgebundene Hochschulreife/Abitur,1.135,2.871,60.363,2,8,7,6,8,7,8,9,8,8,7,8,8,7,9,6,5,8,5,5,6,7,6,8,9,8,6,8,7,7,6,27.015,55.191,55.656,56,9,6,7,8,7,3.396,6.408,34.305,6,Kenne ich,Kenne ich,Kenne ich,Kenne ich,Kenne ich,Kenne ich,Kenne ich,Kenne ich,Kenne ich,Kenne ich nicht,Kenne ich,Kenne ich,Kenne ich,Kenne ich,Kenne ich,Kenne ich nicht,Kenne ich nicht,Kenne ich nicht,Kenne ich,Kenne ich,Kenne ich,Kenne ich nicht,Kenne ich,Kenne ich,Kenne ich,Kenne ich nicht,Kenne ich,Kenne ich nicht,Kenne ich nicht,Kenne ich,1.958,19.221,108.154,35,5,1.413,1.413,21.068,1,10,8,6,8,7,7,8,2.178,9.478,39.896,16,3,4,3,5,6,0.891,5.427,33.404,12,8,6,4,8,1.074,4.861,21.815,13,7,4,6,9,8,1.051,4.199,27.417,7,Qual951-1206Germany,D6F8864F-F58E-E711-813E-121EAC84731D,1201133,622,1,
2017-09-01 03:14:08,2017-09-01 03:21:08,IP-Adresse,213.168.111.124,100,420,Richtig,2017-09-01 03:21:09,R_2CDrf1BuIR4TiX3,,,,,50.921401977539,6.9506988525391,anonymous,DE,41,mÃ_nnlich,Fach/Hochschulstudium,0.785,6.471,11.354,2,9,9,9,9,9,8,7,0,8,7,5,7,7,9,10,5,5,4,5,7,3,5,4,7,9,5,7,4,5,8,6.635,96.935,97.839,50,5,3,8,5,5,12.959,46.806,47.448,14,Kenne ich,Kenne ich,Kenne ich,Kenne ich,Kenne ich,Kenne ich,Kenne ich,Kenne ich,Kenne ich,Kenne ich,Kenne ich nicht,Kenne ich,Kenne ich,Kenne ich nicht,Kenne ich,Kenne ich nicht,Kenne ich nicht,Kenne ich nicht,Kenne ich nicht,Kenne ich,Kenne ich,Kenne ich nicht,Kenne ich nicht,Kenne ich,Kenne ich,Kenne ich nicht,Kenne ich,Kenne ich nicht,Kenne ich nicht,Kenne ich,3.979,44.097,45.641,31,5,27.908,27.908,28.914,1,9,9,7,1,1,5,3,10.259,54.348,55.225,11,7,10,5,8,6,21.164,50.687,51.385,8,1,7,1,8,9.715,29.652,30.478,6,9,9,8,1,1,11.801,38.517,39.411,7,Qual951-1206Germany,5CE110EC-F58E-E711-813E-121EAC84731D,1201133,420,1,
2017-09-01 03:13:24,2017-09-01 03:21:23,IP-Adresse,217.84.108.153,100,478,Richtig,2017-09-01 03:21:23,R_1GHTXI0XLSM5wlz,,,,,49.442504882812,7.7658996582031,anonymous,DE,64,weiblich,Fach/Hochschulstudium,1.501,14.125,15.042,6,5,3,2,4,2,4,2,0,3,0,0,1,4,2,3,2,3,2,1,2,0,0,0,2,2,0,0,1,0,2,7.847,129.109,130.266,52,4,2,2,2,2,12.85,33.135,34.209,9,Kenne ich,Kenne ich,Kenne ich,Kenne ich,Kenne ich,Kenne ich nicht,Kenne ich,Kenne ich,Kenne ich,Kenne ich nicht,Kenne ich nicht,Kenne ich,Kenne ich,Kenne ich,Kenne ich nicht,Kenne ich nicht,Kenne ich nicht,Kenne ich nicht,Kenne ich nicht,Kenne ich nicht,Kenne ich nicht,Kenne ich nicht,Kenne ich nicht,Kenne ich nicht,Kenne ich,Kenne ich nicht,Kenne ich nicht,Kenne ich nicht,Kenne ich nicht,Kenne ich,5.461,103.073,104.287,42,3,5.261,5.261,21.782,1,6,4,4,6,2,3,0,6.488,49.113,50.429,13,9,8,5,4,3,6.397,38.637,39.795,8,0,0,0,3,8.574,20.263,21.951,4,4,8,3,0,0,3.607,38.36,40.096,8,Qual951-1206Germany,6CED07D4-F58E-E711-813E-121EAC84731D,1201133,478,1,
2017-09-01 03:14:22,2017-09-01 03:21:29,IP-Adresse,88.68.34.232,100,426,Richtig,2017-09-01 03:21:29,R_1inAw7lLeiPQC3B,,,,,50.120697021484,8.5662994384766,anonymous,DE,33,weiblich,Fach/Hochschulstudium,5.987,12.587,13.505,3,8,9,8,8,8,8,8,0,7,0,2,6,1,9,0,0,0,0,1,0,3,0,1,0,0,0,0,5,0,9,2.862,67.919,69.012,48,5,5,5,5,5,2.301,19.803,21.209,13,Kenne ich,Kenne ich,Kenne ich,Kenne ich,Kenne ich,Kenne ich,Kenne ich,Kenne ich,Kenne ich,Kenne ich,Kenne ich,Kenne ich,Kenne ich,Kenne ich,Kenne ich nicht,Kenne ich nicht,Kenne ich nicht,Kenne ich nicht,Kenne ich nicht,Kenne ich,Kenne ich nicht,Kenne ich nicht,Kenne ich nicht,Kenne ich nicht,Kenne ich,Kenne ich nicht,Kenne ich nicht,Kenne ich nicht,Kenne ich nicht,Kenne ich,3.435,59.434,60.344,35,5,14.386,14.386,32.334,1,8,7,5,8,6,8,9,4.28,21.489,78.78,13,9,6,5,5,5,4.518,12.062,58.946,10,4,6,6,5,1.945,7.514,48.072,7,5,5,5,6,1,1.744,10.496,23.052,11,Qual951-1206Germany,564420F8-F58E-E711-813E-121EAC84731D,1201133,426,1,
2017-09-01 03:12:36,2017-09-01 03:23:50,IP-Adresse,84.179.241.92,100,674,Richtig,2017-09-01 03:23:51,R_5o8A6MFxlU9XAKB,,,,,54.149993896484,10.483306884766,anonymous,DE,70,mÃ_nnlich,Fach/Hochschulstudium,2.821,22.118,24.259,3,7,9,,,,5,,1,4,1,0,,2,9,8,0,0,1,1,4,1,,0,2,5,0,1,1,0,,27.484,179.035,180.003,42,7,4,4,4,6,23.622,72.463,73.844,25,Kenne ich,Kenne ich,Kenne ich,Kenne ich,Kenne ich,Kenne ich,Kenne ich,Kenne ich,Kenne ich,Kenne ich nicht,Kenne ich nicht,Kenne ich,Kenne ich,Kenne ich,Kenne ich,Kenne ich nicht,Kenne ich nicht,Kenne ich,Kenne ich nicht,Kenne ich,Kenne ich,Kenne ich nicht,Kenne ich nicht,Kenne ich nicht,Kenne ich nicht,Kenne ich nicht,Kenne ich nicht,Kenne ich nicht,Kenne ich nicht,Kenne ich,11.056,118.75,124.66,37,2,11.6,12.78,21.314,2,9,1,1,5,1,1,1,14.889,75.417,77.533,18,10,10,0,10,10,12.758,52.32,53.323,11,0,6,0,0,15.54,38.379,42.486,6,8,10,10,10,5,11.954,48.032,50.075,10,Qual951-1206Germany,D500EBB5-F58E-E711-813E-121EAC84731D,1201133,674,1,
2017-09-01 03:19:44,2017-09-01 03:24:14,IP-Adresse,176.10.50.109,100,269,Richtig,2017-09-01 03:24:14,R_3KwuEoHRWHga22Z,,,,,50.833297729492,11.066696166992,anonymous,DE,39,mÃ_nnlich,Fach/Hochschulstudium,1.004,10.468,13.043,4,5,5,5,5,5,5,5,4,5,5,5,5,5,5,5,5,5,5,5,5,5,5,5,5,5,5,5,5,5,5,4.066,41.851,46.327,35,5,5,5,5,4,4.544,12.639,21.133,5,Kenne ich,Kenne ich,Kenne ich,Kenne ich,Kenne ich,Kenne ich,Kenne ich,Kenne ich,Kenne ich,Kenne ich,Kenne ich,Kenne ich,Kenne ich,Kenne ich,Kenne ich,Kenne ich,Kenne ich,Kenne ich,Kenne ich,Kenne ich,Kenne ich,Kenne ich,Kenne ich,Kenne ich,Kenne ich,Kenne ich nicht,Kenne ich,Kenne ich,Kenne ich,Kenne ich,2.583,45.023,47.037,31,5,5.623,5.623,21.358,1,4,6,6,6,6,7,6,4.804,32.188,33.335,11,6,7,5,5,6,4.763,23.984,24.744,7,7,6,6,8,4.813,17.427,21.16,4,7,7,7,5,7,6.255,18.271,21.205,5,Qual951-1206Germany,35240DB3-F68E-E711-813E-121EAC84731D,1201133,269,1,
2017-09-01 03:16:52,2017-09-01 03:24:43,IP-Adresse,141.30.122.50,100,471,Richtig,2017-09-01 03:24:43,R_OHkTTktIv7g9Ixb,,,,,51.050003051758,13.75,anonymous,DE,34,mÃ_nnlich,Fach/Hochschulstudium,1.417,3.985,11.638,2,3,9,9,,8,7,9,1,2,1,4,6,3,9,6,1,1,1,1,1,1,1,1,1,2,,1,1,1,3,128.751,178.856,180.001,29,5,4,4,6,2,14.084,40.131,41.087,10,Kenne ich,Kenne ich,Kenne ich,Kenne ich,Kenne ich,Kenne ich,Kenne ich,Kenne ich,Kenne ich,Kenne ich,Kenne ich,Kenne ich,Kenne ich,Kenne ich,Kenne ich,Kenne ich nicht,Kenne ich nicht,Kenne ich nicht,Kenne ich nicht,Kenne ich,Kenne ich nicht,Kenne ich nicht,Kenne ich nicht,Kenne ich nicht,Kenne ich nicht,Kenne ich nicht,Kenne ich nicht,Kenne ich nicht,Kenne ich nicht,Kenne ich,3.995,40.467,48.383,34,5,9.646,9.646,21.706,1,7,10,2,6,1,3,1,15.312,47.249,51.541,18,7,4,1,1,2,7.692,31.757,34.472,12,0,1,1,3,8.202,21.098,22.988,9,1,4,1,10,1,5.056,44.034,44.653,15,Qual951-1206Germany,053DF552-F68E-E711-813E-121EAC84731D,1201133,471,1,
2017-09-01 03:19:18,2017-09-01 03:25:27,IP-Adresse,78.94.5.218,100,369,Richtig,2017-09-01 03:25:28,R_1IAT7TfzrjORN4e,,,,,51.205505371094,6.7884979248047,anonymous,DE,30,mÃ_nnlich,allgemeine oder fachgebundene Hochschulreife/Abitur,1.179,11.347,12.994,4,5,5,7,3,2,3,2,0,4,0,0,0,1,0,0,0,0,0,0,0,0,0,0,0,0,0,0,0,0,3,16.684,79.654,80.832,44,0,2,0,2,0,10.641,28.31,29.275,7,Kenne ich,Kenne ich,Kenne ich,Kenne ich,Kenne ich,Kenne ich,Kenne ich,Kenne ich,Kenne ich,Kenne ich nicht,Kenne ich nicht,Kenne ich,Kenne ich,Kenne ich nicht,Kenne ich nicht,Kenne ich nicht,Kenne ich nicht,Kenne ich nicht,Kenne ich nicht,Kenne ich,Kenne ich nicht,Kenne ich nicht,Kenne ich nicht,Kenne ich,Kenne ich nicht,Kenne ich nicht,Kenne ich nicht,Kenne ich nicht,Kenne ich nicht,Kenne ich,4.686,44.469,46.057,33,5,10.373,18.491,21.293,7,10,5,1,10,7,0,5,8.716,46.148,46.849,12,0,2,5,0,6,8.841,36.489,37.421,7,5,5,10,5,11.384,32.579,33.387,8,3,0,0,0,0,18.229,39.222,40.075,6,Qual951-1206Germany,B21B01A7-F68E-E711-813E-121EAC84731D,1201133,369,1,
2017-09-01 03:19:28,2017-09-01 03:27:00,IP-Adresse,79.229.152.63,100,451,Richtig,2017-09-01 03:27:01,R_2QJKTEfVStUoXOr,,,,,53.410202026367,7.4028930664062,anonymous,DE,42,mÃ_nnlich,Realschulabschluss (Mittlere Reife),1.086,11.037,12.561,2,10,10,10,10,10,10,10,10,10,10,10,10,10,10,10,10,10,10,10,10,10,10,10,10,10,10,10,10,10,10,2.36,52.149,53.602,44,10,10,10,10,10,2.296,22.74,25.468,9,Kenne ich,Kenne ich nicht,Kenne ich,Kenne ich,Kenne ich nicht,Kenne ich nicht,Kenne ich nicht,Kenne ich nicht,Kenne ich,Kenne ich,Kenne ich nicht,Kenne ich nicht,Kenne ich,Kenne ich,Kenne ich,Kenne ich,Kenne ich,Kenne ich,Kenne ich nicht,Kenne ich,Kenne ich,Kenne ich,Kenne ich nicht,Kenne ich,Kenne ich,Kenne ich,Kenne ich,Kenne ich,Kenne ich,Kenne ich,1.997,22.96,83.728,32,10,1.586,1.586,40.151,1,10,10,10,10,10,10,10,1.699,8.155,90.722,8,10,10,10,10,10,65.205,70.83,71.739,7,10,10,10,10,2.176,6.361,23.182,6,10,10,10,10,10,1.523,5.797,24.474,6,Qual951-1206Germany,2BA300AD-F68E-E711-813E-121EAC84731D,1201133,451,1,
2017-09-01 03:21:53,2017-09-01 03:27:02,IP-Adresse,88.77.31.158,100,308,Richtig,2017-09-01 03:27:03,R_29tf6ACOCNYNWwZ,,,,,50.933303833008,6.9499969482422,anonymous,DE,42,mÃ_nnlich,Haupt-/Volksschulabschluss,1.559,3.455,11.151,2,5,5,5,6,6,3,4,4,6,5,5,5,5,5,5,6,7,5,5,4,0,6,5,4,7,6,5,6,2,5,7.294,43.935,45.94,40,5,5,6,5,5,3.507,11.811,21.064,10,Kenne ich,Kenne ich,Kenne ich,Kenne ich,Kenne ich,Kenne ich nicht,Kenne ich nicht,Kenne ich,Kenne ich,Kenne ich nicht,Kenne ich nicht,Kenne ich nicht,Kenne ich,Kenne ich nicht,Kenne ich nicht,Kenne ich nicht,Kenne ich nicht,Kenne ich nicht,Kenne ich nicht,Kenne ich nicht,Kenne ich nicht,Kenne ich nicht,Kenne ich nicht,Kenne ich nicht,Kenne ich nicht,Kenne ich nicht,Kenne ich nicht,Kenne ich nicht,Kenne ich nicht,Kenne ich,4.052,39.364,45.868,31,5,2.037,2.703,21.059,3,0,0,10,5,10,10,10,1.621,44.894,45.794,14,10,8,7,7,5,10.949,39.409,40.267,8,5,5,10,5,7.77,27.132,27.911,6,5,5,5,5,5,5.554,29.53,30.334,8,Qual951-1206Germany,CD788201-F78E-E711-813E-121EAC84731D,1201133,308,1,
2017-09-01 03:21:54,2017-09-01 03:27:25,IP-Adresse,86.111.153.209,100,331,Richtig,2017-09-01 03:27:26,R_3EneQUYiQedDxHq,,,,,51.292205810547,6.8484954833984,anonymous,DE,48,weiblich,Realschulabschluss (Mittlere Reife),1.36,5.392,11.729,2,8,10,10,8,7,7,7,4,9,7,3,7,8,9,6,4,2,0,7,5,5,5,4,5,5,0,1,1,3,9,10.954,94.793,98.759,37,7,6,6,7,4,11.096,27.032,27.982,6,Kenne ich,Kenne ich,Kenne ich,Kenne ich,Kenne ich,Kenne ich,Kenne ich,Kenne ich,Kenne ich,Kenne ich,Kenne ich nicht,Kenne ich,Kenne ich nicht,Kenne ich,Kenne ich,Kenne ich nicht,Kenne ich nicht,Kenne ich nicht,Kenne ich nicht,Kenne ich,Kenne ich nicht,Kenne ich nicht,Kenne ich nicht,Kenne ich nicht,Kenne ich nicht,Kenne ich nicht,Kenne ich nicht,Kenne ich nicht,Kenne ich nicht,Kenne ich,4.526,43.51,46.542,30,5,8.405,18.069,21.441,2,5,6,1,2,1,2,0,6.755,39.835,41.615,9,9,8,7,0,7,5.183,25.144,26.197,6,0,1,1,3,8.001,18.186,20.973,4,7,10,9,10,10,6.564,19.965,21.099,5,Qual951-1206Germany,DA788201-F78E-E711-813E-121EAC84731D,1201133,331,1,
2017-09-01 03:22:56,2017-09-01 03:27:26,IP-Adresse,91.51.75.86,100,269,Richtig,2017-09-01 03:27:26,R_3rHF1PPhFyzvSGb,,,,,52.369705200195,9.7521057128906,anonymous,DE,45,weiblich,Realschulabschluss (Mittlere Reife),1.096,10.019,11.223,3,8,9,6,8,5,6,7,5,8,1,0,8,7,7,0,1,3,2,3,1,1,1,2,6,1,2,1,1,4,8,9.322,56.423,57.582,33,8,7,5,6,6,10.213,19.003,21.218,5,Kenne ich,Kenne ich,Kenne ich,Kenne ich nicht,Kenne ich nicht,Kenne ich,Kenne ich nicht,Kenne ich,Kenne ich,Kenne ich nicht,Kenne ich nicht,Kenne ich,Kenne ich nicht,Kenne ich,Kenne ich nicht,Kenne ich nicht,Kenne ich nicht,Kenne ich nicht,Kenne ich nicht,Kenne ich nicht,Kenne ich nicht,Kenne ich nicht,Kenne ich nicht,Kenne ich nicht,Kenne ich nicht,Kenne ich nicht,Kenne ich nicht,Kenne ich nicht,Kenne ich nicht,Kenne ich,2.805,33.869,46.763,31,5,4.895,20.718,21.133,5,3,9,9,7,10,10,9,3.654,30.949,32.198,9,10,10,4,7,9,3.934,21.466,22.201,5,5,5,10,7,3.922,10.981,21.523,4,5,7,10,9,5,3.841,18.099,21.56,7,Qual951-1206Germany,9F36D925-F78E-E711-813E-121EAC84731D,1201133,269,1,
2017-09-01 03:22:31,2017-09-01 03:27:25,IP-Adresse,92.210.119.35,100,294,Richtig,2017-09-01 03:27:26,R_u864gQpBWutUszn,,,,,53.555297851562,9.9949951171875,anonymous,DE,43,weiblich,Realschulabschluss (Mittlere Reife),1.287,5.21,11.349,3,6,7,6,5,5,6,5,3,6,5,4,5,5,5,5,5,5,5,5,5,5,5,5,5,5,5,5,5,5,6,6.512,72.621,74.077,41,5,3,4,5,5,12.675,25.407,26.181,6,Kenne ich,Kenne ich,Kenne ich,Kenne ich,Kenne ich,Kenne ich,Kenne ich,Kenne ich,Kenne ich,Kenne ich,Kenne ich,Kenne ich,Kenne ich,Kenne ich,Kenne ich nicht,Kenne ich nicht,Kenne ich nicht,Kenne ich nicht,Kenne ich nicht,Kenne ich,Kenne ich nicht,Kenne ich nicht,Kenne ich nicht,Kenne ich,Kenne ich,Kenne ich nicht,Kenne ich,Kenne ich nicht,Kenne ich nicht,Kenne ich,7.601,43.376,46.259,31,5,8.736,20.005,20.843,8,6,7,4,5,5,5,5,6.939,30.628,31.443,7,5,7,4,5,6,4.14,18.694,21.753,5,5,4,3,5,9.269,18.318,22.101,5,6,7,10,5,9,7.106,17.751,21.062,5,Qual951-1206Germany,5CBACC19-F78E-E711-813E-121EAC84731D,1201133,294,1,
2017-09-01 03:16:28,2017-09-01 03:27:44,IP-Adresse,95.90.185.144,100,676,Richtig,2017-09-01 03:27:45,R_2VwFaDPblyy5X6F,,,,,52.423095703125,10.822402954102,anonymous,DE,34,mÃ_nnlich,Fach/Hochschulstudium,1.158,5.713,12.516,2,7,7,7,6,8,6,6,7,7,7,6,7,7,7,6,7,7,6,7,7,7,6,6,7,6,7,6,7,5,7,2.552,69.074,70.007,54,7,8,8,8,8,2.48,19.278,21.631,11,Kenne ich,Kenne ich,Kenne ich,Kenne ich,Kenne ich,Kenne ich,Kenne ich nicht,Kenne ich,Kenne ich,Kenne ich,Kenne ich,Kenne ich,Kenne ich,Kenne ich,Kenne ich,Kenne ich,Kenne ich nicht,Kenne ich nicht,Kenne ich nicht,Kenne ich nicht,Kenne ich,Kenne ich,Kenne ich,Kenne ich,Kenne ich nicht,Kenne ich nicht,Kenne ich nicht,Kenne ich,Kenne ich,Kenne ich,3.245,46.06,47.036,31,7,1.074,20.561,21.045,27,7,7,6,6,7,7,7,3.51,20.318,44.362,16,8,8,8,8,8,2.348,6.063,90.011,6,7,7,7,7,1.67,6.302,25.254,6,7,7,7,7,7,315.398,321.624,322.593,10,Qual951-1206Germany,ED970741-F68E-E711-813E-121EAC84731D,1201133,676,1,
2017-09-01 03:22:53,2017-09-01 03:28:34,IP-Adresse,146.60.197.188,100,341,Richtig,2017-09-01 03:28:35,R_yWuiZZed7Kr8SPL,,,,,51.53010559082,7.5971984863281,anonymous,DE,35,mÃ_nnlich,Realschulabschluss (Mittlere Reife),1.082,2.721,12.726,2,8,10,9,5,8,8,8,7,8,5,7,7,7,9,8,5,0,0,0,8,10,0,6,0,5,0,0,0,0,10,9.388,75.362,76.372,40,8,8,8,9,8,10.406,25.624,26.606,5,Kenne ich,Kenne ich,Kenne ich,Kenne ich,Kenne ich,Kenne ich,Kenne ich,Kenne ich,Kenne ich,Kenne ich,Kenne ich,Kenne ich,Kenne ich,Kenne ich,Kenne ich,Kenne ich nicht,Kenne ich nicht,Kenne ich nicht,Kenne ich nicht,Kenne ich,Kenne ich,Kenne ich nicht,Kenne ich nicht,Kenne ich nicht,Kenne ich nicht,Kenne ich nicht,Kenne ich nicht,Kenne ich nicht,Kenne ich nicht,Kenne ich,5.801,42.761,65.414,30,7,8.408,8.408,30.193,1,0,10,8,10,8,10,10,7.633,34.312,35.317,10,10,8,3,8,8,13.16,33.769,34.711,7,8,2,9,6,6.183,18.222,21.559,6,9,5,9,10,4,5.669,22.215,23.127,7,Qual951-1206Germany,8836D925-F78E-E711-813E-121EAC84731D,1201133,341,1,
2017-09-01 03:22:10,2017-09-01 03:28:55,IP-Adresse,78.34.14.74,100,404,Richtig,2017-09-01 03:28:55,R_2Cv9LPCTUIhRmg6,,,,,50.951095581055,6.9264068603516,anonymous,DE,43,mÃ_nnlich,Fach/Hochschulstudium,0.813,10.963,12.715,13,6,6,5,5,7,6,5,0,6,0,5,1,2,7,5,2,3,4,1,5,2,2,2,2,4,1,2,1,0,4,3.47,57.939,59.034,59,6,6,5,6,6,3.846,21.546,22.907,20,Kenne ich,Kenne ich,Kenne ich,Kenne ich,Kenne ich,Kenne ich,Kenne ich,Kenne ich,Kenne ich,Kenne ich nicht,Kenne ich,Kenne ich,Kenne ich nicht,Kenne ich,Kenne ich nicht,Kenne ich nicht,Kenne ich nicht,Kenne ich nicht,Kenne ich nicht,Kenne ich,Kenne ich,Kenne ich nicht,Kenne ich,Kenne ich nicht,Kenne ich,Kenne ich nicht,Kenne ich nicht,Kenne ich nicht,Kenne ich nicht,Kenne ich,2.084,93.429,94.757,108,5,2.231,19.904,21.155,16,6,6,4,2,1,3,2,5.779,85.876,115.118,21,5,7,7,3,6,3.719,16.508,21.913,12,1,2,1,3,3.487,9.985,21.138,7,5,9,8,7,6,2.909,17.254,21.399,10,Qual951-1206Germany,EF7E8E0D-F78E-E711-813E-121EAC84731D,1201133,404,1,
2017-09-01 03:22:54,2017-09-01 03:29:04,IP-Adresse,109.192.229.82,100,369,Richtig,2017-09-01 03:29:05,R_2sRW5NGsspgVEVE,,,,,48.066696166992,8.4499969482422,anonymous,DE,60,mÃ_nnlich,Fach/Hochschulstudium,1.478,9.625,12.053,2,4,6,2,3,4,1,1,4,4,2,1,1,3,2,2,2,0,0,2,2,0,2,0,1,0,0,0,0,1,4,9.685,69.991,71.82,31,3,3,1,2,2,18.651,28.924,30.284,5,Kenne ich,Kenne ich,Kenne ich,Kenne ich nicht,Kenne ich,Kenne ich nicht,Kenne ich nicht,Kenne ich,Kenne ich,Kenne ich nicht,Kenne ich nicht,Kenne ich nicht,Kenne ich nicht,Kenne ich nicht,Kenne ich nicht,Kenne ich nicht,Kenne ich nicht,Kenne ich nicht,Kenne ich nicht,Kenne ich nicht,Kenne ich nicht,Kenne ich nicht,Kenne ich nicht,Kenne ich nicht,Kenne ich nicht,Kenne ich nicht,Kenne ich nicht,Kenne ich nicht,Kenne ich nicht,Kenne ich,6.24,45.641,46.81,34,3,14.546,16.936,25.735,2,0,8,7,9,8,8,10,12.124,48.511,49.681,7,7,8,5,10,9,10.823,48.761,49.922,7,4,7,7,10,10.788,27.881,28.974,7,1,0,0,0,10,8.447,32.379,33.823,5,Qual951-1206Germany,8A36D925-F78E-E711-813E-121EAC84731D,1201133,369,1,
2017-09-01 03:23:29,2017-09-01 03:29:07,IP-Adresse,79.238.91.111,100,337,Richtig,2017-09-01 03:29:07,R_31t78eacJcCBxqN,,,,,49.848403930664,7.8377990722656,anonymous,DE,48,weiblich,Fach/Hochschulstudium,1.09,3.216,11.33,2,8,8,8,8,8,8,8,5,7,5,7,7,7,8,8,5,5,5,5,5,5,4,5,6,5,2,5,5,5,8,8.878,101.632,102.762,35,6,6,5,5,6,8.902,26.416,27.609,6,Kenne ich,Kenne ich,Kenne ich,Kenne ich,Kenne ich,Kenne ich,Kenne ich,Kenne ich,Kenne ich,Kenne ich,Kenne ich nicht,Kenne ich,Kenne ich,Kenne ich,Kenne ich,Kenne ich nicht,Kenne ich nicht,Kenne ich nicht,Kenne ich nicht,Kenne ich,Kenne ich nicht,Kenne ich nicht,Kenne ich nicht,Kenne ich nicht,Kenne ich,Kenne ich nicht,Kenne ich nicht,Kenne ich nicht,Kenne ich nicht,Kenne ich,5.229,45.615,46.488,31,6,5.703,5.703,21.371,1,7,4,2,4,4,5,3,5.021,31.689,32.838,8,5,6,6,2,3,6.928,33.711,35.058,8,0,2,0,4,5.873,16.429,21.493,5,5,10,6,4,8,5.687,22.684,23.939,7,Qual951-1206Germany,F6913D3E-F78E-E711-813E-121EAC84731D,1201133,337,1,
2017-09-01 03:23:31,2017-09-01 03:30:21,IP-Adresse,109.193.144.30,100,409,Richtig,2017-09-01 03:30:21,R_2SoTxzDazP5IqP8,,,,,48.398101806641,9.9700012207031,anonymous,DE,67,mÃ_nnlich,allgemeine oder fachgebundene Hochschulreife/Abitur,1.577,8.602,12.642,2,7,8,8,8,8,7,7,5,7,5,8,4,5,7,6,3,3,2,3,5,3,3,2,6,5,2,3,4,3,8,15.852,117.012,121.678,37,5,5,4,5,5,19.792,40.318,42.458,5,Kenne ich,Kenne ich,Kenne ich,Kenne ich,Kenne ich,Kenne ich,Kenne ich,Kenne ich,Kenne ich,Kenne ich,Kenne ich,Kenne ich,Kenne ich,Kenne ich,Kenne ich,Kenne ich nicht,Kenne ich nicht,Kenne ich nicht,Kenne ich nicht,Kenne ich,Kenne ich,Kenne ich nicht,Kenne ich nicht,Kenne ich,Kenne ich,Kenne ich nicht,Kenne ich nicht,Kenne ich nicht,Kenne ich nicht,Kenne ich,7.006,62.829,64.905,31,6,10.094,20.618,22.669,3,2,8,6,8,7,7,7,7.993,36.59,39.83,10,7,7,7,5,6,8.592,36.413,38.004,7,7,7,8,8,6.56,20.445,22.197,5,5,5,5,4,4,7.971,26.539,28.294,5,Qual951-1206Germany,F9913D3E-F78E-E711-813E-121EAC84731D,1201133,409,1,
2017-09-01 03:19:14,2017-09-01 03:30:25,IP-Adresse,87.189.89.85,100,670,Richtig,2017-09-01 03:30:25,R_1gbiQ0SafzDMePU,,,,,51.666702270508,12.283294677734,anonymous,DE,55,weiblich,Abschluss der Polytechnischen Oberschule (8./10.Klasse),2.294,24.551,25.631,7,,0,4,0,0,0,0,,,0,0,1,,1,1,,0,0,0,,0,,1,1,1,,1,,,,24.772,178.304,180.015,57,0,0,0,0,0,29.421,53.776,55.769,7,Kenne ich nicht,Kenne ich nicht,Kenne ich nicht,Kenne ich nicht,Kenne ich nicht,Kenne ich nicht,Kenne ich nicht,Kenne ich nicht,Kenne ich nicht,Kenne ich nicht,Kenne ich nicht,Kenne ich nicht,Kenne ich nicht,Kenne ich nicht,Kenne ich nicht,Kenne ich nicht,Kenne ich nicht,Kenne ich nicht,Kenne ich nicht,Kenne ich nicht,Kenne ich nicht,Kenne ich nicht,Kenne ich nicht,Kenne ich nicht,Kenne ich nicht,Kenne ich nicht,Kenne ich nicht,Kenne ich nicht,Kenne ich nicht,Kenne ich nicht,16.884,56.466,57.766,33,7,15.001,23.937,31.258,4,1,8,8,8,8,8,8,12.645,70.268,71.639,15,5,8,7,3,1,12.528,66.351,68.831,8,8,8,10,6,29.209,49.163,52.755,5,1,2,1,1,1,17.478,64.45,90.063,9,Qual951-1206Germany,C20106A1-F68E-E711-813E-121EAC84731D,1201133,670,1,
2017-09-01 03:25:09,2017-09-01 03:31:53,IP-Adresse,84.137.107.78,100,404,Richtig,2017-09-01 03:31:54,R_ykae31aohcA0IQ9,,,,,52.040603637695,8.1434936523438,anonymous,DE,55,weiblich,Fach/Hochschulstudium,1.438,5.21,12.13,2,9,9,9,7,9,9,9,0,3,2,1,5,4,9,9,0,0,0,0,6,0,0,0,1,5,1,4,0,0,7,6.653,86.996,89.367,33,5,2,2,5,5,7.972,31.041,32.961,7,Kenne ich,Kenne ich,Kenne ich,Kenne ich,Kenne ich,Kenne ich,Kenne ich,Kenne ich,Kenne ich,Kenne ich,Kenne ich nicht,Kenne ich,Kenne ich nicht,Kenne ich,Kenne ich,Kenne ich nicht,Kenne ich nicht,Kenne ich nicht,Kenne ich nicht,Kenne ich,Kenne ich,Kenne ich nicht,Kenne ich nicht,Kenne ich nicht,Kenne ich nicht,Kenne ich nicht,Kenne ich,Kenne ich nicht,Kenne ich nicht,Kenne ich,6.02,89.152,94.373,32,4,29.11,29.11,31.464,1,8,10,4,5,5,2,2,8.771,35.417,37.49,7,10,8,2,8,8,9.591,29.525,31.745,5,1,5,1,5,6.311,19.822,21.847,4,7,9,10,6,10,7.302,28.881,30.765,6,Qual951-1206Germany,CDDCB374-F78E-E711-813E-121EAC84731D,1201133,404,1,
2017-09-01 03:29:11,2017-09-01 03:34:49,IP-Adresse,87.162.255.15,100,338,Richtig,2017-09-01 03:34:50,R_3snPvUqMRV1fKkk,,,,,47.654403686523,9.4725952148438,anonymous,DE,59,weiblich,Realschulabschluss (Mittlere Reife),1.154,2.748,11.827,2,9,10,10,9,9,9,9,4,10,0,0,7,6,10,10,0,0,0,0,8,6,0,0,5,4,0,0,0,0,9,9.263,90.674,91.697,36,5,5,5,5,4,8.655,23.931,24.86,6,Kenne ich,Kenne ich,Kenne ich,Kenne ich,Kenne ich,Kenne ich,Kenne ich,Kenne ich,Kenne ich,Kenne ich nicht,Kenne ich nicht,Kenne ich,Kenne ich,Kenne ich,Kenne ich,Kenne ich nicht,Kenne ich nicht,Kenne ich nicht,Kenne ich nicht,Kenne ich,Kenne ich,Kenne ich nicht,Kenne ich nicht,Kenne ich nicht,Kenne ich,Kenne ich nicht,Kenne ich nicht,Kenne ich nicht,Kenne ich nicht,Kenne ich,3.531,37.295,46.193,30,3,8.057,9.39,21.068,3,6,8,8,9,8,8,7,9.183,37.885,38.889,8,9,5,2,8,10,6.282,34.61,35.713,8,0,7,5,0,8.095,26.851,28.198,4,8,10,5,0,10,6.343,24.699,25.709,5,Qual951-1206Germany,7E639505-F88E-E711-813E-121EAC84731D,1201133,338,1,
2017-09-01 03:28:30,2017-09-01 03:35:11,IP-Adresse,62.155.186.232,100,401,Richtig,2017-09-01 03:35:12,R_2DTUULHCq9lki3w,,,,,50.800003051758,6.7846984863281,anonymous,DE,56,weiblich,Fach/Hochschulstudium,1.569,12.798,13.562,7,9,8,9,9,9,9,9,4,7,,9,,6,7,9,,,,,6,,,,,6,,6,9,,9,10.589,109.798,109.818,44,6,6,6,6,6,3.096,38.811,40.726,8,Kenne ich,Kenne ich,Kenne ich,Kenne ich,Kenne ich,Kenne ich,Kenne ich,Kenne ich,Kenne ich,Kenne ich nicht,Kenne ich,Kenne ich nicht,Kenne ich,Kenne ich,Kenne ich,Kenne ich nicht,Kenne ich nicht,Kenne ich nicht,Kenne ich nicht,Kenne ich,Kenne ich nicht,Kenne ich nicht,Kenne ich nicht,Kenne ich,Kenne ich,Kenne ich nicht,Kenne ich nicht,Kenne ich nicht,Kenne ich nicht,Kenne ich,4.816,59.65,60.488,62,5,7.425,20.123,21.532,7,7,7,7,8,5,7,6,9.086,38.47,38.586,15,6,6,7,5,6,7.596,28.072,29.117,8,3,3,5,4,6.607,20.261,20.359,8,5,5,6,6,4,5.689,21.226,22.337,10,Qual951-1206Germany,BAE993ED-F78E-E711-813E-121EAC84731D,1201133,401,1,
2017-09-01 03:31:22,2017-09-01 03:36:54,IP-Adresse,146.60.148.1,100,331,Richtig,2017-09-01 03:36:54,R_2Y68BC06EoC21YJ,,,,,51.433303833008,6.75,anonymous,DE,55,weiblich,Haupt-/Volksschulabschluss,0.998,10.374,11.542,3,1,8,8,1,1,1,1,1,1,1,1,1,5,1,1,1,1,1,1,1,1,1,1,1,1,1,1,8,1,1,13.403,65.174,67.562,51,5,0,0,3,0,24.905,41.906,43.138,7,Kenne ich,Kenne ich,Kenne ich,Kenne ich,Kenne ich,Kenne ich,Kenne ich,Kenne ich,Kenne ich,Kenne ich,Kenne ich nicht,Kenne ich,Kenne ich,Kenne ich,Kenne ich nicht,Kenne ich,Kenne ich nicht,Kenne ich,Kenne ich,Kenne ich,Kenne ich,Kenne ich,Kenne ich,Kenne ich nicht,Kenne ich,Kenne ich,Kenne ich,Kenne ich,Kenne ich,Kenne ich,2.309,38.987,54.527,37,7,15.033,20.576,21.541,4,0,0,0,0,0,0,0,10.442,33.734,34.96,9,0,0,10,0,0,9.187,30.789,32.317,7,10,10,10,3,5.026,19.522,21.151,5,0,10,0,0,10,4.41,25.076,25.979,6,Qual951-1206Germany,D686C153-F88E-E711-813E-121EAC84731D,1201133,331,1,
2017-09-01 03:31:07,2017-09-01 03:36:58,IP-Adresse,88.78.109.74,100,351,Richtig,2017-09-01 03:36:58,R_1OVO3SD7O3OoznB,,,,,51.433303833008,6.88330078125,anonymous,DE,52,weiblich,Realschulabschluss (Mittlere Reife),1.109,10.514,11.283,6,5,8,7,3,7,5,6,0,7,1,0,3,0,2,3,3,0,0,0,1,0,1,2,7,1,2,0,2,0,8,7.939,114.707,115.834,59,2,0,0,0,0,7.563,24.276,25.721,8,Kenne ich,Kenne ich,Kenne ich,Kenne ich,Kenne ich,Kenne ich,Kenne ich,Kenne ich,Kenne ich,Kenne ich nicht,Kenne ich,Kenne ich,Kenne ich,Kenne ich,Kenne ich nicht,Kenne ich nicht,Kenne ich nicht,Kenne ich nicht,Kenne ich nicht,Kenne ich,Kenne ich nicht,Kenne ich nicht,Kenne ich nicht,Kenne ich,Kenne ich,Kenne ich nicht,Kenne ich nicht,Kenne ich nicht,Kenne ich nicht,Kenne ich,4.59,45.8,47.045,32,5,7.248,21.587,22.999,10,1,10,10,10,8,10,8,6.657,31.437,32.617,9,10,10,1,5,5,5.774,27.161,28.224,7,10,5,10,10,10.166,20.185,21.141,7,7,10,10,0,2,7.108,28.802,30.488,8,Qual951-1206Germany,67BCC04D-F88E-E711-813E-121EAC84731D,1201133,351,1,
2017-09-01 03:34:01,2017-09-01 03:39:32,IP-Adresse,31.19.95.149,100,330,Richtig,2017-09-01 03:39:33,R_2rZ6L0NfTMzgW2o,,,,,54.5126953125,13.619995117188,anonymous,DE,53,weiblich,Fach/Hochschulstudium,1.458,9.767,11.343,13,10,10,8,10,10,10,10,5,10,10,3,10,10,10,9,0,0,8,6,10,10,10,10,10,10,1,10,10,6,10,6.55,71.046,71.897,72,7,4,6,6,6,6.118,44.2,45.493,27,Kenne ich,Kenne ich,Kenne ich,Kenne ich,Kenne ich,Kenne ich,Kenne ich,Kenne ich,Kenne ich,Kenne ich,Kenne ich,Kenne ich,Kenne ich,Kenne ich,Kenne ich nicht,Kenne ich nicht,Kenne ich nicht,Kenne ich,Kenne ich nicht,Kenne ich,Kenne ich,Kenne ich nicht,Kenne ich,Kenne ich,Kenne ich,Kenne ich nicht,Kenne ich nicht,Kenne ich,Kenne ich nicht,Kenne ich,4.563,45.736,46.726,77,2,3.477,12.285,21.256,3,4,10,10,10,10,10,10,5.251,35.342,36.086,25,10,10,5,7,10,5.432,29.595,30.458,15,10,10,10,6,5.244,19.308,20.86,17,8,10,10,7,10,5.967,19.568,21.073,12,Qual951-1206Germany,7F7C55B4-F88E-E711-813E-121EAC84731D,1201133,330,1,
2017-09-01 03:35:52,2017-09-01 03:41:42,IP-Adresse,78.35.250.145,100,349,Richtig,2017-09-01 03:41:42,R_2ANnZbSunUkLspb,,,,,50.9541015625,6.9102935791016,anonymous,DE,54,weiblich,Abschluss der Polytechnischen Oberschule (8./10.Klasse),1.122,5.321,11.565,2,0,6,6,0,1,0,0,0,0,1,0,6,7,0,0,0,0,0,1,0,0,1,0,0,0,0,0,0,0,7,6.168,54.36,55.144,32,5,5,4,4,4,10.113,25.956,26.923,7,Kenne ich nicht,Kenne ich,Kenne ich,Kenne ich nicht,Kenne ich nicht,Kenne ich nicht,Kenne ich nicht,Kenne ich nicht,Kenne ich nicht,Kenne ich nicht,Kenne ich nicht,Kenne ich,Kenne ich,Kenne ich nicht,Kenne ich nicht,Kenne ich nicht,Kenne ich nicht,Kenne ich nicht,Kenne ich nicht,Kenne ich nicht,Kenne ich nicht,Kenne ich nicht,Kenne ich nicht,Kenne ich nicht,Kenne ich nicht,Kenne ich nicht,Kenne ich nicht,Kenne ich nicht,Kenne ich nicht,Kenne ich,3.264,32.248,46.341,32,8,1.675,10.621,21.563,8,0,10,10,10,10,10,10,3.21,19.13,31.121,9,5,7,7,7,5,6.206,89.82,90.003,14,0,0,0,3,3.835,15.96,21.257,7,4,5,6,10,10,3.461,18.335,20.876,11,Qual951-1206Germany,C84093F6-F88E-E711-813E-121EAC84731D,1201133,349,1,
2017-09-01 03:37:00,2017-09-01 03:42:45,IP-Adresse,178.5.216.231,100,344,Richtig,2017-09-01 03:42:45,R_2t53bF2K9CeNaSD,,,,,52.47639465332,13.421997070312,anonymous,DE,53,weiblich,Abschluss der Polytechnischen Oberschule (8./10.Klasse),1.402,4.491,15.461,2,9,10,10,9,8,8,9,7,9,9,8,8,8,9,10,8,4,4,7,9,7,8,8,9,7,4,7,7,7,9,5.979,59.498,60.812,36,9,9,9,9,9,6.35,19.311,21.906,6,Kenne ich,Kenne ich,Kenne ich,Kenne ich,Kenne ich,Kenne ich,Kenne ich,Kenne ich,Kenne ich,Kenne ich,Kenne ich,Kenne ich,Kenne ich,Kenne ich,Kenne ich,Kenne ich,Kenne ich,Kenne ich nicht,Kenne ich nicht,Kenne ich,Kenne ich,Kenne ich,Kenne ich,Kenne ich,Kenne ich,Kenne ich nicht,Kenne ich nicht,Kenne ich,Kenne ich nicht,Kenne ich,3.217,83.532,101.383,32,7,8.231,8.231,21.529,1,5,9,6,8,7,8,6,5.222,28.46,34.808,7,6,7,7,6,6,3.62,21.252,22.509,6,7,8,7,7,8.213,19.576,21.639,6,7,7,7,7,6,4.239,17.169,21.433,6,Qual951-1206Germany,441FA10E-F98E-E711-813E-121EAC84731D,1201133,344,1,
2017-09-01 03:31:20,2017-09-01 03:43:35,IP-Adresse,80.130.65.135,100,734,Richtig,2017-09-01 03:43:36,R_wZctugEjlkHAq4x,,,,,53.716705322266,11.916702270508,anonymous,DE,53,weiblich,allgemeine oder fachgebundene Hochschulreife/Abitur,1.177,9.436,11.666,4,6,8,7,8,8,8,7,5,7,7,6,7,6,8,5,5,5,5,5,7,6,5,5,7,6,5,7,5,5,7,10.948,104.843,105.968,45,7,5,3,5,3,11.848,41.036,42.99,10,Kenne ich,Kenne ich,Kenne ich,Kenne ich,Kenne ich,Kenne ich,Kenne ich,Kenne ich,Kenne ich,Kenne ich,Kenne ich,Kenne ich,Kenne ich,Kenne ich,Kenne ich nicht,Kenne ich nicht,Kenne ich nicht,Kenne ich nicht,Kenne ich nicht,Kenne ich,Kenne ich,Kenne ich nicht,Kenne ich nicht,Kenne ich,Kenne ich,Kenne ich,Kenne ich,Kenne ich,Kenne ich nicht,Kenne ich,3.318,223.359,224.475,48,3,28.299,35.071,36.264,2,5,10,7,10,7,7,7,9.72,43.007,44.973,9,8,10,5,8,7,102.414,133.008,134.55,9,6,8,9,9,34.261,48.762,50.692,5,7,8,5,4,7,24.272,51.26,52.131,6,Qual951-1206Germany,ADBCC04D-F88E-E711-813E-121EAC84731D,1201133,734,1,
2017-09-01 03:38:24,2017-09-01 03:48:51,IP-Adresse,37.201.194.110,100,627,Richtig,2017-09-01 03:48:52,R_12DPdcVNFaLHRZt,,,,,51.242904663086,6.7427978515625,anonymous,DE,52,weiblich,Realschulabschluss (Mittlere Reife),1.695,13.017,15.054,6,9,9,9,9,9,8,9,5,9,0,8,5,9,9,7,0,5,5,6,9,6,0,6,8,8,5,6,8,0,9,13.933,117.949,119.214,73,8,6,6,6,6,18.399,43.215,44.862,15,Kenne ich,Kenne ich,Kenne ich,Kenne ich,Kenne ich,Kenne ich,Kenne ich,Kenne ich,Kenne ich,Kenne ich nicht,Kenne ich nicht,Kenne ich,Kenne ich,Kenne ich,Kenne ich nicht,Kenne ich nicht,Kenne ich nicht,Kenne ich nicht,Kenne ich nicht,Kenne ich,Kenne ich nicht,Kenne ich nicht,Kenne ich nicht,Kenne ich nicht,Kenne ich,Kenne ich nicht,Kenne ich,Kenne ich nicht,Kenne ich nicht,Kenne ich,6.663,77.494,79.121,74,6,14.598,18.437,60.041,5,2,10,10,10,10,10,10,133.057,170.086,171.183,27,8,10,4,5,10,0.103,48.812,49.816,16,9,10,10,10,10.284,22.468,23.379,9,8,9,10,10,10,8.938,26.116,27.125,11,Qual951-1206Germany,F75DDD50-F98E-E711-813E-121EAC84731D,1201133,627,1,
2017-09-01 06:00:11,2017-09-01 06:09:15,IP-Adresse,84.175.51.67,100,543,Richtig,2017-09-01 06:09:15,R_3kMIYPxvzWXlrNH,,,,,51.5,12,anonymous,DE,74,weiblich,Fach/Hochschulstudium,1.373,10.079,11.856,4,10,10,10,10,10,6,8,3,10,1,0,0,10,10,10,0,0,0,0,8,0,1,3,10,5,0,0,0,2,5,9.333,138.749,140.579,43,9,9,7,9,9,16.907,37.779,38.721,6,Kenne ich,Kenne ich,Kenne ich,Kenne ich,Kenne ich,Kenne ich,Kenne ich,Kenne ich,Kenne ich,Kenne ich nicht,Kenne ich nicht,Kenne ich,Kenne ich,Kenne ich,Kenne ich,Kenne ich,Kenne ich nicht,Kenne ich nicht,Kenne ich nicht,Kenne ich,Kenne ich,Kenne ich,Kenne ich,Kenne ich,Kenne ich,Kenne ich nicht,Kenne ich nicht,Kenne ich nicht,Kenne ich nicht,Kenne ich,7.32,65.752,67.033,32,7,7.96,18.098,29.563,5,7,9,1,7,3,1,1,9.393,49.774,51.173,10,7,10,5,3,6,70.267,106.731,115.911,8,4,1,0,4,13.072,32.753,34.082,7,6,7,9,3,2,12.842,39.434,40.522,6,Qual951-1206Germany,261EC321-0D8F-E711-813E-121EAC84731D,1201133,543,1,
2017-09-01 08:06:02,2017-09-01 08:11:39,IP-Adresse,217.87.218.156,100,337,Richtig,2017-09-01 08:11:40,R_2zjBjEKKeAblnXh,,,,,51.299301147461,9.4909973144531,anonymous,DE,70,weiblich,Fach/Hochschulstudium,1.248,3.296,12.077,2,7,7,5,6,8,5,4,2,6,3,4,3,6,6,6,3,2,3,1,3,0,3,3,3,4,3,1,3,2,6,10.896,92.02,93.364,34,1,1,2,2,2,8.377,21.352,22.466,5,Kenne ich,Kenne ich,Kenne ich,Kenne ich,Kenne ich,Kenne ich,Kenne ich nicht,Kenne ich,Kenne ich,Kenne ich,Kenne ich,Kenne ich,Kenne ich,Kenne ich,Kenne ich,Kenne ich nicht,Kenne ich nicht,Kenne ich nicht,Kenne ich nicht,Kenne ich,Kenne ich,Kenne ich nicht,Kenne ich,Kenne ich nicht,Kenne ich nicht,Kenne ich nicht,Kenne ich nicht,Kenne ich nicht,Kenne ich nicht,Kenne ich,2.425,45.656,47.717,31,5,5.068,8.975,23.664,2,6,6,2,10,2,6,5,5.922,36.562,38.857,8,7,1,5,0,6,8.64,30.017,31.041,7,0,4,4,4,5.398,18.477,22.765,4,1,10,5,3,10,8.918,29.758,31.118,5,Qual951-1206Germany,6FD1B6B1-1E8F-E711-813E-121EAC84731D,1201133,337,1,
2017-09-01 12:15:11,2017-09-01 12:23:53,IP-Adresse,90.186.2.185,100,521,Richtig,2017-09-01 12:23:53,R_2uvnBLfs6AYOshy,,,,,51.5,12,anonymous,DE,70,weiblich,Fachhochschulreife,10.133,25.534,26.792,9,7,10,10,7,7,8,7,6,9,6,10,8,7,7,7,7,8,7,8,6,8,7,8,7,7,7,8,7,7,10,13.213,101.104,102.126,92,8,8,7,7,7,10.997,53.163,54.784,14,Kenne ich,Kenne ich,Kenne ich,Kenne ich,Kenne ich,Kenne ich,Kenne ich,Kenne ich,Kenne ich,Kenne ich nicht,Kenne ich,Kenne ich,Kenne ich,Kenne ich nicht,Kenne ich nicht,Kenne ich nicht,Kenne ich nicht,Kenne ich nicht,Kenne ich nicht,Kenne ich,Kenne ich,Kenne ich nicht,Kenne ich,Kenne ich nicht,Kenne ich,Kenne ich nicht,Kenne ich nicht,Kenne ich nicht,Kenne ich nicht,Kenne ich,5.595,58.968,59.054,77,3,10.675,18.421,27.855,4,10,10,10,6,8,8,8,18.502,83.696,84.937,20,10,10,3,2,10,17.5,47.342,48.31,10,10,6,6,4,19.06,39.461,40.53,6,10,10,6,2,10,15.103,37.406,38.437,10,Qual951-1206Germany,07F8F982-418F-E711-813E-121EAC84731D,1201133,521,1,
2017-09-02 04:11:32,2017-09-02 04:19:20,IP-Adresse,80.141.150.172,100,467,Richtig,2017-09-02 04:19:20,R_12Ra3eJXnoTfVfG,,,,,51.446304321289,6.6396026611328,anonymous,DE,81,weiblich,allgemeine oder fachgebundene Hochschulreife/Abitur,1.42,7.125,12.508,4,8,10,,,8,9,8,,8,,8,,5,8,,,0,,6,7,7,,7,8,8,5,,8,,,134.371,177.22,180.003,27,6,7,7,6,6,4.165,19.104,50.298,9,Kenne ich,Kenne ich,Kenne ich,Kenne ich,Kenne ich,Kenne ich nicht,Kenne ich nicht,Kenne ich,Kenne ich nicht,Kenne ich nicht,Kenne ich nicht,Kenne ich,Kenne ich,Kenne ich,Kenne ich nicht,Kenne ich nicht,Kenne ich nicht,Kenne ich nicht,Kenne ich nicht,Kenne ich nicht,Kenne ich nicht,Kenne ich nicht,Kenne ich nicht,Kenne ich nicht,Kenne ich,Kenne ich nicht,Kenne ich nicht,Kenne ich nicht,Kenne ich nicht,Kenne ich,4.985,67.742,69.214,34,6,6.897,18.812,23.254,5,8,8,7,7,8,8,8,0.833,22.794,35.039,13,6,6,6,6,6,3.081,19.78,21.985,8,6,6,6,6,3.973,18.011,21.592,6,5,6,6,6,6,2.639,11.295,24.151,6,Qual951-1206Germany,8B57301F-C78F-E711-813E-121EAC84731D,1201133,467,1,
2017-09-02 06:27:23,2017-09-02 06:33:41,IP-Adresse,79.251.142.114,100,377,Richtig,2017-09-02 06:33:41,R_ALj46wJfB7srZrb,,,,,49.518096923828,8.247802734375,anonymous,DE,70,weiblich,Fach/Hochschulstudium,1.659,11.207,13.285,3,7,9,8,7,7,7,6,4,7,4,1,9,5,8,7,3,3,1,2,4,3,2,3,2,3,2,2,3,3,7,11.799,113.436,116.55,47,7,6,5,7,5,8.602,30.955,32.163,10,Kenne ich,Kenne ich,Kenne ich,Kenne ich,Kenne ich nicht,Kenne ich,Kenne ich,Kenne ich,Kenne ich,Kenne ich nicht,Kenne ich nicht,Kenne ich,Kenne ich nicht,Kenne ich,Kenne ich,Kenne ich nicht,Kenne ich nicht,Kenne ich nicht,Kenne ich nicht,Kenne ich nicht,Kenne ich nicht,Kenne ich nicht,Kenne ich nicht,Kenne ich nicht,Kenne ich nicht,Kenne ich nicht,Kenne ich nicht,Kenne ich nicht,Kenne ich nicht,Kenne ich,5.306,50.12,51.174,30,5,6.792,16.653,23.788,5,3,9,10,10,10,10,10,8.902,39.286,40.336,12,10,10,2,10,10,8.143,31.123,32.398,8,5,9,5,9,10.187,24.024,25.289,5,6,8,8,2,9,9.436,30.594,31.901,6,Qual951-1206Germany,EC198212-DA8F-E711-813E-121EAC84731D,1201133,377,1,
2017-09-04 02:43:20,2017-09-04 02:54:23,IP-Adresse,78.51.157.18,100,662,Richtig,2017-09-04 02:54:23,R_2wFjvvD8vQaG8f1,,,,,53.555297851562,9.9949951171875,anonymous,DE,72,weiblich,Fachhochschulreife,1.83,7.046,13.111,2,9,9,10,6,10,10,10,1,7,,,,,9,9,,,,,6,,,,,6,,1,,,6,15.048,166.358,180.004,17,7,7,4,5,4,36.445,57.022,59.187,5,Kenne ich,Kenne ich,Kenne ich,Kenne ich,Kenne ich,Kenne ich,Kenne ich,Kenne ich,Kenne ich,Kenne ich,Kenne ich nicht,Kenne ich nicht,Kenne ich nicht,Kenne ich,Kenne ich,Kenne ich nicht,Kenne ich nicht,Kenne ich nicht,Kenne ich nicht,Kenne ich,Kenne ich,Kenne ich nicht,Kenne ich nicht,Kenne ich nicht,Kenne ich,Kenne ich nicht,Kenne ich,Kenne ich nicht,Kenne ich nicht,Kenne ich,6.7,103.266,108.114,33,5,15.438,15.438,25.404,1,5,8,3,7,3,5,3,11.685,65.596,67.637,7,7,10,5,5,8,15.237,48.372,49.787,5,1,5,1,1,46.057,100.844,102.308,9,8,10,8,6,10,14.036,39.515,40.923,5,Qual951-1206Germany,8921E521-4D91-E711-813E-121EAC84731D,1201133,662,1,
2017-09-04 03:20:41,2017-09-04 03:27:13,IP-Adresse,79.216.236.228,100,391,Richtig,2017-09-04 03:27:14,R_3NPZasDpniJOJks,,,,,51.657806396484,6.2758941650391,anonymous,DE,73,weiblich,Realschulabschluss (Mittlere Reife),2.02,10.482,12.705,2,8,9,9,8,8,7,6,4,8,5,5,8,6,6,9,6,4,6,6,8,5,5,5,8,7,6,8,6,6,9,12.345,87.944,89,31,6,6,6,6,6,11.942,32.637,33.712,6,Kenne ich,Kenne ich,Kenne ich,Kenne ich,Kenne ich,Kenne ich nicht,Kenne ich,Kenne ich,Kenne ich,Kenne ich,Kenne ich nicht,Kenne ich,Kenne ich nicht,Kenne ich,Kenne ich nicht,Kenne ich nicht,Kenne ich nicht,Kenne ich nicht,Kenne ich nicht,Kenne ich nicht,Kenne ich nicht,Kenne ich nicht,Kenne ich nicht,Kenne ich nicht,Kenne ich,Kenne ich nicht,Kenne ich nicht,Kenne ich nicht,Kenne ich nicht,Kenne ich,6.384,55.279,56.27,30,5,8.389,8.389,21.773,1,1,9,9,10,10,10,10,8.219,46.216,47.348,7,10,10,1,8,10,10.381,36.869,38.097,6,7,7,10,10,12.614,25.99,26.989,4,8,10,10,10,10,10.589,31.889,32.717,5,Qual951-1206Germany,D8AB064D-5291-E711-813E-121EAC84731D,1201133,391,1,
2017-09-04 08:11:28,2017-09-04 08:18:38,IP-Adresse,93.228.246.213,100,430,Richtig,2017-09-04 08:18:39,R_cJhQxXVsfG2KZ8Z,,,,,52.205505371094,8.0554046630859,anonymous,DE,21,weiblich,Haupt-/Volksschulabschluss,1.114,9.177,11.155,4,0,5,1,0,0,0,0,0,9,0,0,0,0,0,0,0,0,0,0,0,2,1,0,5,0,7,0,0,0,9,5.529,44.26,46.16,43,6,4,2,5,8,51.839,61.574,62.228,13,Kenne ich nicht,Kenne ich nicht,Kenne ich nicht,Kenne ich,Kenne ich,Kenne ich,Kenne ich,Kenne ich nicht,Kenne ich nicht,Kenne ich,Kenne ich,Kenne ich,Kenne ich,Kenne ich,Kenne ich,Kenne ich,Kenne ich,Kenne ich,Kenne ich,Kenne ich,Kenne ich,Kenne ich,Kenne ich,Kenne ich nicht,Kenne ich,Kenne ich,Kenne ich,Kenne ich,Kenne ich,Kenne ich nicht,2.92,24.568,168.676,32,5,2.06,2.06,22.291,1,0,7,10,10,5,10,8,2.608,25.115,32.748,8,6,10,0,0,3,8.852,24.59,25.559,5,3,0,0,4,3.414,12.362,21.096,4,1,6,2,4,2,5.781,16.505,22.724,5,Qual951-1206Germany,0769A3F8-7A91-E711-813E-121EAC84731D,1209233,430,1,
2017-09-04 08:13:34,2017-09-04 08:19:39,IP-Adresse,109.47.3.49,100,364,Richtig,2017-09-04 08:19:40,R_1flVdHmoBFEXy9f,,,,,53.555297851562,9.9949951171875,anonymous,DE,27,weiblich,Realschulabschluss (Mittlere Reife),0.859,10.091,11.06,3,1,0,0,0,0,0,0,0,4,0,0,0,0,0,0,0,0,0,0,0,0,0,0,0,0,0,0,0,0,0,46.717,88.23,88.537,37,0,2,6,3,2,5.85,60.284,60.995,13,Kenne ich,Kenne ich nicht,Kenne ich,Kenne ich nicht,Kenne ich nicht,Kenne ich,Kenne ich nicht,Kenne ich,Kenne ich,Kenne ich nicht,Kenne ich nicht,Kenne ich,Kenne ich nicht,Kenne ich nicht,Kenne ich nicht,Kenne ich nicht,Kenne ich nicht,Kenne ich nicht,Kenne ich nicht,Kenne ich nicht,Kenne ich nicht,Kenne ich nicht,Kenne ich nicht,Kenne ich nicht,Kenne ich nicht,Kenne ich nicht,Kenne ich nicht,Kenne ich nicht,Kenne ich nicht,Kenne ich nicht,7.191,40.103,55.491,32,1,4.771,4.771,25.892,1,0,7,5,5,0,8,9,2.879,40.252,41.461,35,4,3,3,4,2,4.945,15.533,23.374,14,1,0,0,1,2.909,18.233,21.083,10,0,1,0,1,0,10.787,19.267,21.363,8,Qual951-1206Germany,BBF98C40-7B91-E711-813E-121EAC84731D,1209233,364,1,